Date,Name,Year,Letterboxd URI,Rating,Rewatch,Tags,Watched Date
2023-03-19,Last Night in Soho,2021,https://boxd.it/401rZJ,4,,,2023-03-17
2023-03-19,Goodbye,2022,https://boxd.it/40dOS1,4,,,2023-03-18
2023-08-20,Breakwater,2023,https://boxd.it/4IZNWX,,,,2023-08-19
2023-08-20,Breakwater,2023,https://boxd.it/4J28bn,,Yes,,2023-08-19
2023-10-15,Eternals,2021,https://boxd.it/501SMb,,,,2023-10-14
2023-10-15,Black Widow,2021,https://boxd.it/501T4p,,,,2023-10-14
2023-10-15,The Wolverine,2013,https://boxd.it/501TmD,,,,2023-10-14
2023-11-27,The Last Samurai,2003,https://boxd.it/5e4lex,,,,2023-11-26
2024-01-14,Polite Society,2023,https://boxd.it/5Ayqtv,,,,2024-01-13
2024-05-25,The Iron Claw,2023,https://boxd.it/6xCcc5,4,Yes,,2024-05-24
