Date,Name,Year,Letterboxd URI
2023-03-12,Parasite,2019,https://boxd.it/hTha
2023-03-12,Everything Everywhere All at Once,2022,https://boxd.it/jUk4
2023-03-12,Knives Out,2019,https://boxd.it/jWEA
2023-03-12,Joker,2019,https://boxd.it/h4cS
2023-03-12,The Batman,2022,https://boxd.it/eDGs
2023-03-12,Fight Club,1999,https://boxd.it/2a9q
2023-03-12,Pulp Fiction,1994,https://boxd.it/29Pq
2023-03-12,Get Out,2017,https://boxd.it/eOCm
2023-03-12,Spider-Man: Into the Spider-Verse,2018,https://boxd.it/azpY
2023-03-12,Whiplash,2014,https://boxd.it/7bQA
2023-03-12,Inception,2010,https://boxd.it/1skk
2023-03-12,Interstellar,2014,https://boxd.it/4VZ8
2023-03-12,Spider-Man: No Way Home,2021,https://boxd.it/nwRw
2023-03-12,The Dark Knight,2008,https://boxd.it/2b0k
2023-03-12,La La Land,2016,https://boxd.it/a5fa
2023-03-12,Lady Bird,2017,https://boxd.it/dGNE
2023-03-12,The Wolf of Wall Street,2013,https://boxd.it/3C1m
2023-03-12,Gone Girl,2014,https://boxd.it/6hQu
2023-03-12,The Truman Show,1998,https://boxd.it/18U8
2023-03-12,Glass Onion,2022,https://boxd.it/oCkK
2023-03-12,Avengers: Infinity War,2018,https://boxd.it/9vEe
2023-03-12,The Menu,2022,https://boxd.it/lScm
2023-03-12,Inglourious Basterds,2009,https://boxd.it/1JzG
2023-03-12,Eternal Sunshine of the Spotless Mind,2004,https://boxd.it/6YK
2023-03-12,Avengers: Endgame,2019,https://boxd.it/9vE4
2023-03-12,Black Panther,2018,https://boxd.it/8MHs
2023-03-12,Baby Driver,2017,https://boxd.it/bhF2
2023-03-12,Nope,2022,https://boxd.it/sDCe
2023-03-12,The Social Network,2010,https://boxd.it/17ue
2023-03-12,Jojo Rabbit,2019,https://boxd.it/iEBG
2023-03-12,Django Unchained,2012,https://boxd.it/2cCk
2023-03-12,Se7en,1995,https://boxd.it/29zs
2023-03-12,Forrest Gump,1994,https://boxd.it/728
2023-03-12,The Silence of the Lambs,1991,https://boxd.it/2aHW
2023-03-12,Hereditary,2018,https://boxd.it/hNVe
2023-03-12,Kill Bill: Vol. 1,2003,https://boxd.it/70w
2023-03-12,Guardians of the Galaxy,2014,https://boxd.it/3VH2
2023-03-19,Last Night in Soho,2021,https://boxd.it/lbJC
2023-03-19,F9,2021,https://boxd.it/dqsU
2023-03-19,The Hangover Part II,2011,https://boxd.it/PZI
2023-03-19,The Hangover Part III,2013,https://boxd.it/3GNY
2023-03-19,El Camino: A Breaking Bad Movie,2019,https://boxd.it/kv0q
2023-03-20,Goodbye,2022,https://boxd.it/uOzu
2023-03-22,Colossal,2016,https://boxd.it/biZi
2023-03-22,Rocky II,1979,https://boxd.it/28Ua
2023-03-23,Women Talking,2022,https://boxd.it/tdq4
2023-03-23,Last Seen Alive,2022,https://boxd.it/Aj8u
2023-03-23,Chernobyl,2019,https://boxd.it/mkbG
2023-03-25,Daddy Day Care,2003,https://boxd.it/1VAw
2023-03-25,Moonfall,2022,https://boxd.it/ejwM
2023-03-25,Primer,2004,https://boxd.it/6YA
2023-03-26,The Banshees of Inisherin,2022,https://boxd.it/p7XS
2023-03-28,Pathaan,2023,https://boxd.it/wGeC
2023-04-01,Rocky III,1982,https://boxd.it/28Tw
2023-04-02,Varudu Kaavalenu,2021,https://boxd.it/uaFs
2023-04-10,Beast,2022,https://boxd.it/szW0
2023-04-10,Kimi,2022,https://boxd.it/u7LW
2023-04-10,M3GAN,2022,https://boxd.it/jxmG
2023-04-10,Marcel the Shell with Shoes On,2021,https://boxd.it/wMAk
2023-04-16,Rocky IV,1985,https://boxd.it/28T2
2023-04-21,Missing,2023,https://boxd.it/sS1W
2023-05-01,The Lost City,2022,https://boxd.it/sg0Q
2023-05-03,The Sound of Music,1965,https://boxd.it/1MLK
2023-05-03,The Curious Case of Benjamin Button,2008,https://boxd.it/23Fk
2023-05-06,Balagam,2023,https://boxd.it/FkAY
2023-05-07,Rocky V,1990,https://boxd.it/28SS
2023-05-08,Dune,2021,https://boxd.it/fA7G
2023-05-10,"Are You There God? It's Me, Margaret.",2023,https://boxd.it/kiYC
2023-05-13,Galaxy Quest,1999,https://boxd.it/29gq
2023-05-15,Austin Powers: International Man of Mystery,1997,https://boxd.it/29y0
2023-05-15,Somebody I Used to Know,2023,https://boxd.it/wMaw
2023-05-17,Side Effects,2013,https://boxd.it/3GA6
2023-05-21,Chip 'n Dale: Rescue Rangers,2022,https://boxd.it/eSk2
2023-05-21,The Kerala Story,2023,https://boxd.it/GgM4
2023-05-23,Ant-Man and the Wasp: Quantumania,2023,https://boxd.it/nL2y
2023-05-24,Werewolf by Night,2022,https://boxd.it/xMrO
2023-05-24,Pitch Perfect,2012,https://boxd.it/3OsE
2023-05-25,A Man Called Otto,2022,https://boxd.it/zl06
2023-05-25,Till,2022,https://boxd.it/wfwY
2023-05-27,The Fabelmans,2022,https://boxd.it/ugoM
2023-05-29,TÁR,2022,https://boxd.it/uNIA
2023-05-29,Puss in Boots: The Last Wish,2022,https://boxd.it/aaie
2023-05-30,The Grand Budapest Hotel,2014,https://boxd.it/3ZqO
2023-05-30,Magic Mike,2012,https://boxd.it/2HvY
2023-06-01,The Black Phone,2021,https://boxd.it/sqFE
2023-06-03,Violent Night,2022,https://boxd.it/xXBA
2023-06-08,Spider-Man: Across the Spider-Verse,2023,https://boxd.it/kSz4
2023-06-09,Three Thousand Years of Longing,2022,https://boxd.it/kmoy
2023-06-10,Austin Powers: The Spy Who Shagged Me,1999,https://boxd.it/29xQ
2023-06-10,Pitch Perfect 2,2015,https://boxd.it/7tNa
2023-06-10,Rocky,1976,https://boxd.it/28Uk
2023-06-10,Titanic,1997,https://boxd.it/2a2k
2023-06-10,American Beauty,1999,https://boxd.it/71Y
2023-06-12,Rocky Balboa,2006,https://boxd.it/291q
2023-06-13,Freaky,2020,https://boxd.it/ka42
2023-06-15,The Peanut Butter Falcon,2019,https://boxd.it/gzu2
2023-06-15,The Empire Strikes Back,1980,https://boxd.it/27Vw
2023-06-15,Psycho,1960,https://boxd.it/2ab2
2023-06-15,Alien,1979,https://boxd.it/2awY
2023-06-15,Singin' in the Rain,1952,https://boxd.it/29oY
2023-06-15,Good Will Hunting,1997,https://boxd.it/2ahY
2023-06-15,Prisoners,2013,https://boxd.it/4E5i
2023-06-15,The Departed,2006,https://boxd.it/28MA
2023-06-15,Terminator 2: Judgment Day,1991,https://boxd.it/2aGY
2023-06-15,Moonlight,2016,https://boxd.it/d6bE
2023-06-15,Your Name.,2016,https://boxd.it/cUqs
2023-06-15,Back to the Future,1985,https://boxd.it/2b8e
2023-06-15,Star Wars,1977,https://boxd.it/72s
2023-06-15,The Lion King,1994,https://boxd.it/201Q
2023-06-15,Ratatouille,2007,https://boxd.it/27ww
2023-06-15,Heat,1995,https://boxd.it/2bg8
2023-06-15,The Third Man,1949,https://boxd.it/294E
2023-06-15,The Iron Giant,1999,https://boxd.it/1Wow
2023-06-15,Paddington 2,2017,https://boxd.it/bCF8
2023-06-15,RRR,2022,https://boxd.it/ljDs
2023-06-19,Austin Powers in Goldmember,2002,https://boxd.it/29xG
2023-06-21,Adipurush,2023,https://boxd.it/rxX4
2023-06-24,12 Years a Slave,2013,https://boxd.it/2D2e
2023-06-26,Moonrise Kingdom,2012,https://boxd.it/2Wng
2023-06-28,Black Mirror: Joan Is Awful,2023,https://boxd.it/GWmi
2023-06-28,Once Upon a Time... in Hollywood,2019,https://boxd.it/gH0O
2023-06-29,Footloose,1984,https://boxd.it/288A
2023-06-29,The Outfit,2022,https://boxd.it/u6Eq
2023-06-29,Black Mirror: Mazey Day,2023,https://boxd.it/H7QS
2023-06-29,Knock at the Cabin,2023,https://boxd.it/npL2
2023-07-03,Extraction 2,2023,https://boxd.it/q4Zo
2023-07-04,E.T. the Extra-Terrestrial,1982,https://boxd.it/2a1G
2023-07-04,Blade Runner,1982,https://boxd.it/2bcA
2023-07-04,The Hangover,2009,https://boxd.it/1GjK
2023-07-08,John Carter,2012,https://boxd.it/FQ2
2023-07-10,Hotel Artemis,2018,https://boxd.it/ejwW
2023-07-13,American Graffiti,1973,https://boxd.it/29us
2023-07-14,Sully,2016,https://boxd.it/cD8Q
2023-07-15,Creed,2015,https://boxd.it/a2qk
2023-07-17,The Shape of Water,2017,https://boxd.it/dZ5m
2023-07-17,Green Book,2018,https://boxd.it/hErk
2023-07-17,Spotlight,2015,https://boxd.it/a84k
2023-07-17,Argo,2012,https://boxd.it/2czU
2023-07-17,Slumdog Millionaire,2008,https://boxd.it/1S3E
2023-07-17,Crash,2004,https://boxd.it/28q0
2023-07-17,The Lord of the Rings: The Return of the King,2003,https://boxd.it/2b5u
2023-07-17,The Hurt Locker,2008,https://boxd.it/1Soi
2023-07-17,The King's Speech,2010,https://boxd.it/dX0
2023-07-17,Birdman or (The Unexpected Virtue of Ignorance),2014,https://boxd.it/5RFA
2023-07-18,Mission: Impossible – Dead Reckoning,2023,https://boxd.it/l7zS
2023-07-22,Black Mirror: Demon 79,2023,https://boxd.it/H7Rc
2023-07-26,Babylon,2022,https://boxd.it/mM02
2023-08-02,Barbie,2023,https://boxd.it/bCLK
2023-08-02,Oppenheimer,2023,https://boxd.it/wUow
2023-08-02,Dungeons & Dragons: Honor Among Thieves,2023,https://boxd.it/hN1A
2023-08-02,Cocaine Bear,2023,https://boxd.it/ugw2
2023-08-02,Passengers,2016,https://boxd.it/8lFu
2023-08-02,Philadelphia,1993,https://boxd.it/1XMk
2023-08-02,Disenchanted,2022,https://boxd.it/bg9E
2023-08-03,The Taking of Pelham 1 2 3,2009,https://boxd.it/1GS6
2023-08-03,Black Adam,2022,https://boxd.it/fup0
2023-08-03,The Gray Man,2022,https://boxd.it/rb7q
2023-08-03,Avengers: Age of Ultron,2015,https://boxd.it/3qi6
2023-08-03,Shang-Chi and the Legend of the Ten Rings,2021,https://boxd.it/kLDI
2023-08-03,21,2008,https://boxd.it/20BO
2023-08-03,Iron Man,2008,https://boxd.it/28dA
2023-08-03,Iron Man 2,2010,https://boxd.it/1WZM
2023-08-03,Iron Man 3,2013,https://boxd.it/2cBQ
2023-08-03,The Incredible Hulk,2008,https://boxd.it/28dU
2023-08-03,Thor,2011,https://boxd.it/1WQU
2023-08-03,Captain America: The First Avenger,2011,https://boxd.it/28b0
2023-08-03,Captain Marvel,2019,https://boxd.it/9vSA
2023-08-03,Captain America: The Winter Soldier,2014,https://boxd.it/3r58
2023-08-03,Captain America: Civil War,2016,https://boxd.it/89Ja
2023-08-03,Thor: Ragnarok,2017,https://boxd.it/8MHi
2023-08-03,Thor: The Dark World,2013,https://boxd.it/2DqA
2023-08-03,Thor: Love and Thunder,2022,https://boxd.it/mMAY
2023-08-03,The Avengers,2012,https://boxd.it/1xFW
2023-08-03,Ant-Man,2015,https://boxd.it/3vmW
2023-08-03,Ant-Man and the Wasp,2018,https://boxd.it/cqUW
2023-08-03,Doctor Strange,2016,https://boxd.it/8MH8
2023-08-03,Doctor Strange in the Multiverse of Madness,2022,https://boxd.it/gaTc
2023-08-03,Guardians of the Galaxy Vol. 2,2017,https://boxd.it/8MxC
2023-08-03,Spider-Man: Homecoming,2017,https://boxd.it/aboM
2023-08-03,Spider-Man: Far From Home,2019,https://boxd.it/fegG
2023-08-03,Black Panther: Wakanda Forever,2022,https://boxd.it/igPu
2023-08-03,Man of Steel,2013,https://boxd.it/FRk
2023-08-03,Batman v Superman: Dawn of Justice,2016,https://boxd.it/6fBW
2023-08-03,The Suicide Squad,2021,https://boxd.it/fw6O
2023-08-03,Suicide Squad,2016,https://boxd.it/9row
2023-08-03,Wonder Woman,2017,https://boxd.it/9roG
2023-08-03,Wonder Woman 1984,2020,https://boxd.it/gBtA
2023-08-03,Zack Snyder's Justice League,2021,https://boxd.it/tLOk
2023-08-03,Justice League,2017,https://boxd.it/4w68
2023-08-03,Birds of Prey (and the Fantabulous Emancipation of One Harley Quinn),2020,https://boxd.it/hSyO
2023-08-03,Aquaman,2018,https://boxd.it/9ru0
2023-08-03,Shazam!,2019,https://boxd.it/8WBu
2023-08-03,Triangle of Sadness,2022,https://boxd.it/hXlq
2023-08-03,Ford v Ferrari,2019,https://boxd.it/ce74
2023-08-09,The Northman,2022,https://boxd.it/nK2s
2023-08-09,West Side Story,2021,https://boxd.it/iwt0
2023-08-09,A Quiet Place Part II,2020,https://boxd.it/iTx0
2023-08-09,No Time to Die,2021,https://boxd.it/cPX2
2023-08-09,The Mitchells vs. the Machines,2021,https://boxd.it/i7xm
2023-08-09,Nobody,2021,https://boxd.it/mLqS
2023-08-09,Encanto,2021,https://boxd.it/kPRu
2023-08-09,Free Guy,2021,https://boxd.it/k8dm
2023-08-09,Bad Trip,2021,https://boxd.it/lgRG
2023-08-09,I Care a Lot,2020,https://boxd.it/mcHk
2023-08-09,Eternals,2021,https://boxd.it/j36o
2023-08-09,The Tomorrow War,2021,https://boxd.it/lE78
2023-08-09,Sing Street,2016,https://boxd.it/cOo6
2023-08-09,Arrival,2016,https://boxd.it/aNGk
2023-08-09,Ferris Bueller's Day Off,1986,https://boxd.it/1YPY
2023-08-09,GoodFellas,1990,https://boxd.it/29FA
2023-08-09,Mad Max: Fury Road,2015,https://boxd.it/2DjO
2023-08-09,Logan,2017,https://boxd.it/7Piy
2023-08-09,Toy Story,1995,https://boxd.it/29qA
2023-08-09,The Shawshank Redemption,1994,https://boxd.it/2aHi
2023-08-09,Blade Runner 2049,2017,https://boxd.it/b8wK
2023-08-09,Shaun of the Dead,2004,https://boxd.it/29J8
2023-08-09,The Incredibles,2004,https://boxd.it/1XLm
2023-08-09,The Lord of the Rings: The Two Towers,2002,https://boxd.it/2b5E
2023-08-09,Top Gun: Maverick,2022,https://boxd.it/cjr4
2023-08-09,Toy Story 3,2010,https://boxd.it/1WRe
2023-08-09,Dawn of the Planet of the Apes,2014,https://boxd.it/3XyQ
2023-08-09,Marriage Story,2019,https://boxd.it/hJAw
2023-08-09,Finding Nemo,2003,https://boxd.it/72i
2023-08-09,Looper,2012,https://boxd.it/ham
2023-08-09,Mission: Impossible – Fallout,2018,https://boxd.it/bSVc
2023-08-09,Shrek,2001,https://boxd.it/29zi
2023-08-09,Indiana Jones and the Last Crusade,1989,https://boxd.it/2baO
2023-08-09,Jaws,1975,https://boxd.it/2a5e
2023-08-09,Nightcrawler,2014,https://boxd.it/780m
2023-08-09,John Wick,2014,https://boxd.it/7dEc
2023-08-09,X-Men: Days of Future Past,2014,https://boxd.it/4aRw
2023-08-09,The Lego Movie,2014,https://boxd.it/4pDO
2023-08-09,Edge of Tomorrow,2014,https://boxd.it/4pD0
2023-08-09,22 Jump Street,2014,https://boxd.it/5Fvy
2023-08-09,Chef,2014,https://boxd.it/6lCG
2023-08-09,The Babadook,2014,https://boxd.it/77xu
2023-08-09,Neighbors,2014,https://boxd.it/5Txe
2023-08-09,Big Hero 6,2014,https://boxd.it/5rje
2023-08-09,It Follows,2014,https://boxd.it/87wo
2023-08-09,The Interview,2014,https://boxd.it/6KQ4
2023-08-09,The Hunger Games: Mockingjay – Part 1,2014,https://boxd.it/4hka
2023-08-09,Ride Along,2014,https://boxd.it/5dqA
2023-08-09,The Martian,2015,https://boxd.it/8SeG
2023-08-09,Sicario,2015,https://boxd.it/8i7u
2023-08-09,Ex Machina,2015,https://boxd.it/7T2k
2023-08-09,Star Wars: The Force Awakens,2015,https://boxd.it/4vru
2023-08-09,Room,2015,https://boxd.it/7T0y
2023-08-09,Inside Out,2015,https://boxd.it/4KHC
2023-08-09,The Revenant,2015,https://boxd.it/8H5e
2023-08-09,Steve Jobs,2015,https://boxd.it/araG
2023-08-09,The Big Short,2015,https://boxd.it/ajZw
2023-08-09,Kingsman: The Secret Service,2014,https://boxd.it/6dxe
2023-08-09,Mission: Impossible – Rogue Nation,2015,https://boxd.it/5rI4
2023-08-09,Paddington,2014,https://boxd.it/3RKw
2023-08-09,Dope,2015,https://boxd.it/9Tho
2023-08-09,Straight Outta Compton,2015,https://boxd.it/8rMc
2023-08-09,The Hateful Eight,2015,https://boxd.it/8gw8
2023-08-09,Furious 7,2015,https://boxd.it/5cVs
2023-08-09,Jurassic World,2015,https://boxd.it/4n0g
2023-08-09,Spy,2015,https://boxd.it/71Ks
2023-08-09,Trainwreck,2015,https://boxd.it/8bdA
2023-08-09,The Hunger Games: Mockingjay – Part 2,2015,https://boxd.it/4hk0
2023-08-09,Spectre,2015,https://boxd.it/6bXY
2023-08-09,Ted 2,2015,https://boxd.it/6oCY
2023-08-09,The Good Dinosaur,2015,https://boxd.it/3AD4
2023-08-09,Tomorrowland,2015,https://boxd.it/4YaC
2023-08-09,San Andreas,2015,https://boxd.it/7sUa
2023-08-09,Minions,2015,https://boxd.it/6jCO
2023-08-09,Jupiter Ascending,2015,https://boxd.it/2Evm
2023-08-10,Guardians of the Galaxy Vol. 3,2023,https://boxd.it/fVNI
2023-08-11,Gully Boy,2019,https://boxd.it/hHXo
2023-08-11,Dear Zindagi,2016,https://boxd.it/eAiM
2023-08-11,Kapoor & Sons,2016,https://boxd.it/cZDm
2023-08-11,Ae Dil Hai Mushkil,2016,https://boxd.it/dKWg
2023-08-11,2 States,2014,https://boxd.it/7GOK
2023-08-11,Shazam! Fury of the Gods,2023,https://boxd.it/lV0S
2023-08-11,Sleepless in Seattle,1993,https://boxd.it/29re
2023-08-11,Tag,2018,https://boxd.it/gh7Y
2023-08-11,Coco,2017,https://boxd.it/bYJQ
2023-08-11,Up,2009,https://boxd.it/1OEc
2023-08-11,"Monsters, Inc.",2001,https://boxd.it/2a46
2023-08-11,Soul,2020,https://boxd.it/ioLA
2023-08-11,Toy Story 2,1999,https://boxd.it/29qq
2023-08-11,Kubo and the Two Strings,2016,https://boxd.it/a4wE
2023-08-11,Zindagi Na Milegi Dobara,2011,https://boxd.it/efo
2023-08-11,Om Shanti Om,2007,https://boxd.it/20zy
2023-08-11,Train to Busan,2016,https://boxd.it/dSQU
2023-08-11,The Lord of the Rings: The Fellowship of the Ring,2001,https://boxd.it/2b5O
2023-08-11,The Matrix,1999,https://boxd.it/2a1m
2023-08-11,The Intouchables,2011,https://boxd.it/2FT0
2023-08-11,Raiders of the Lost Ark,1981,https://boxd.it/2bbs
2023-08-11,WALL·E,2008,https://boxd.it/1VEo
2023-08-11,Aliens,1986,https://boxd.it/29PA
2023-08-11,3 Idiots,2009,https://boxd.it/1Dsa
2023-08-11,Return of the Jedi,1983,https://boxd.it/27Vm
2023-08-11,Hamilton,2020,https://boxd.it/kmvE
2023-08-11,Like Stars on Earth,2007,https://boxd.it/20SA
2023-08-11,Dangal,2016,https://boxd.it/chfU
2023-08-11,Batman Begins,2005,https://boxd.it/2aIg
2023-08-11,Shutter Island,2010,https://boxd.it/1U82
2023-08-11,The Sixth Sense,1999,https://boxd.it/29Js
2023-08-11,Jurassic Park,1993,https://boxd.it/2aA2
2023-08-11,Rashomon,1950,https://boxd.it/2a9K
2023-08-11,Catch Me If You Can,2002,https://boxd.it/29VS
2023-08-11,Harry Potter and the Deathly Hallows: Part 2,2011,https://boxd.it/1RYk
2023-08-11,How to Train Your Dragon,2010,https://boxd.it/1WRy
2023-08-11,Dead Poets Society,1989,https://boxd.it/2aSg
2023-08-11,Hotel Rwanda,2004,https://boxd.it/2aSA
2023-08-11,The Big Lebowski,1998,https://boxd.it/2b6C
2023-08-11,The Terminator,1984,https://boxd.it/2aQY
2023-08-11,The Wizard of Oz,1939,https://boxd.it/29Xu
2023-08-11,Pirates of the Caribbean: The Curse of the Black Pearl,2003,https://boxd.it/70G
2023-08-11,Groundhog Day,1993,https://boxd.it/2b3e
2023-08-11,Boogie Nights,1997,https://boxd.it/23um
2023-08-12,3:10 to Yuma,2007,https://boxd.it/23g0
2023-08-12,Pirates of the Caribbean: Dead Man's Chest,2006,https://boxd.it/2bfk
2023-08-12,Pirates of the Caribbean: At World's End,2007,https://boxd.it/2aGu
2023-08-12,Pirates of the Caribbean: On Stranger Tides,2011,https://boxd.it/27Z4
2023-08-12,Pirates of the Caribbean: Dead Men Tell No Tales,2017,https://boxd.it/5a9m
2023-08-12,Tarzan,1999,https://boxd.it/18YO
2023-08-12,The Lion King,2019,https://boxd.it/eSjI
2023-08-12,Aladdin,2019,https://boxd.it/eSjy
2023-08-12,Frozen,2013,https://boxd.it/3GNa
2023-08-12,Frozen II,2019,https://boxd.it/aPvo
2023-08-12,Insomnia,2002,https://boxd.it/2aB0
2023-08-12,Memento,2000,https://boxd.it/2bcK
2023-08-15,Strange World,2022,https://boxd.it/x6Li
2023-08-18,The Mule,2018,https://boxd.it/idcY
2023-08-21,Bo Burnham: Inside,2021,https://boxd.it/v2uy
2023-08-21,Breakwater,2023,https://boxd.it/C2bA
2023-08-27,The Flash,2023,https://boxd.it/9twC
2023-08-27,Batman,1989,https://boxd.it/2aIU
2023-08-31,O.J.: Made in America,2016,https://boxd.it/d7zi
2023-09-01,If Beale Street Could Talk,2018,https://boxd.it/gGhu
2023-09-01,Three Identical Strangers,2018,https://boxd.it/hDNO
2023-09-01,Bumblebee,2018,https://boxd.it/f21O
2023-09-01,Incredibles 2,2018,https://boxd.it/7IPg
2023-09-01,Annihilation,2018,https://boxd.it/9yzm
2023-09-01,A Star Is Born,2018,https://boxd.it/aXgc
2023-09-01,A Quiet Place,2018,https://boxd.it/fVJQ
2023-09-01,First Man,2018,https://boxd.it/cPym
2023-09-01,Ready Player One,2018,https://boxd.it/aZes
2023-09-01,Game Night,2018,https://boxd.it/fRtu
2023-09-01,Searching,2018,https://boxd.it/hDPg
2023-09-01,A Simple Favor,2018,https://boxd.it/hq92
2023-09-01,"Love, Simon",2018,https://boxd.it/g02s
2023-09-01,Leave No Trace,2018,https://boxd.it/fMfM
2023-09-01,Bohemian Rhapsody,2018,https://boxd.it/f1TK
2023-09-01,Crazy Rich Asians,2018,https://boxd.it/gfnK
2023-09-01,Blockers,2018,https://boxd.it/fxEW
2023-09-01,Deadpool 2,2018,https://boxd.it/dlLM
2023-09-01,Ralph Breaks the Internet,2018,https://boxd.it/edAy
2023-09-01,Solo: A Star Wars Story,2018,https://boxd.it/bGWs
2023-09-01,Widows,2018,https://boxd.it/e6gc
2023-09-01,Red Sparrow,2018,https://boxd.it/e7Pi
2023-09-01,Sorry to Bother You,2018,https://boxd.it/f21E
2023-09-01,Teen Titans Go! To the Movies,2018,https://boxd.it/h13o
2023-09-01,Bird Box,2018,https://boxd.it/eh1i
2023-09-01,Venom,2018,https://boxd.it/b8wA
2023-09-01,Rampage,2018,https://boxd.it/f9a4
2023-09-01,Skyscraper,2018,https://boxd.it/fVqa
2023-09-01,Jurassic World: Fallen Kingdom,2018,https://boxd.it/bOnU
2023-09-01,The Cloverfield Paradox,2018,https://boxd.it/doVA
2023-09-01,The Commuter,2018,https://boxd.it/dZ36
2023-09-01,Mortal Engines,2018,https://boxd.it/fahg
2023-09-04,Lights Out,2016,https://boxd.it/bAHc
2023-09-05,Avatar,2009,https://boxd.it/1Efm
2023-09-05,Avatar: The Way of Water,2022,https://boxd.it/2E2E
2023-09-05,Star Wars: The Last Jedi,2017,https://boxd.it/5xme
2023-09-05,The Fate of the Furious,2017,https://boxd.it/bbCw
2023-09-05,Beauty and the Beast,2017,https://boxd.it/ar0c
2023-09-05,Skyfall,2012,https://boxd.it/17Fc
2023-09-05,Transformers: Dark of the Moon,2011,https://boxd.it/16aC
2023-09-05,The Dark Knight Rises,2012,https://boxd.it/H3m
2023-09-05,Star Wars: The Rise of Skywalker,2019,https://boxd.it/5xlK
2023-09-05,Rogue One: A Star Wars Story,2016,https://boxd.it/aPvy
2023-09-05,Toy Story 4,2019,https://boxd.it/9ALu
2023-09-05,Despicable Me 3,2017,https://boxd.it/azpu
2023-09-05,Finding Dory,2016,https://boxd.it/4aAA
2023-09-05,Star Wars: Episode I – The Phantom Menace,1999,https://boxd.it/27Vc
2023-09-05,Zootopia,2016,https://boxd.it/84xS
2023-09-05,Alice in Wonderland,2010,https://boxd.it/1Spq
2023-09-05,Harry Potter and the Philosopher's Stone,2001,https://boxd.it/29QS
2023-09-05,Jurassic World Dominion,2022,https://boxd.it/ikXW
2023-09-05,The Jungle Book,2016,https://boxd.it/8wjk
2023-09-05,Jumanji: Welcome to the Jungle,2017,https://boxd.it/bUeE
2023-09-05,Harry Potter and the Deathly Hallows: Part 1,2010,https://boxd.it/1RYu
2023-09-05,Despicable Me 2,2013,https://boxd.it/3gg0
2023-09-05,Harry Potter and the Order of the Phoenix,2007,https://boxd.it/29Qe
2023-09-05,Harry Potter and the Half-Blood Prince,2009,https://boxd.it/29FU
2023-09-05,Shrek 2,2004,https://boxd.it/29z8
2023-09-05,Harry Potter and the Chamber of Secrets,2002,https://boxd.it/29QI
2023-09-05,Harry Potter and the Goblet of Fire,2005,https://boxd.it/29Qo
2023-09-05,Spider-Man 3,2007,https://boxd.it/2a7Y
2023-09-05,Star Wars: Episode III – Revenge of the Sith,2005,https://boxd.it/27US
2023-09-05,The Hunger Games: Catching Fire,2013,https://boxd.it/3sAw
2023-09-05,Transformers: Revenge of the Fallen,2009,https://boxd.it/20gG
2023-09-05,Spider-Man,2002,https://boxd.it/2a8i
2023-09-05,Independence Day,1996,https://boxd.it/2a1w
2023-09-05,Fantastic Beasts and Where to Find Them,2016,https://boxd.it/7FPC
2023-09-05,Shrek the Third,2007,https://boxd.it/29yY
2023-09-05,Jumanji: The Next Level,2019,https://boxd.it/ixu4
2023-09-05,Despicable Me,2010,https://boxd.it/1DD8
2023-09-05,Jumanji,1995,https://boxd.it/1ZLI
2023-09-05,Tenet,2020,https://boxd.it/leq4
2023-09-05,The Hunger Games,2012,https://boxd.it/2uds
2023-09-05,Lost in Translation,2003,https://boxd.it/2b0E
2023-09-05,Indiana Jones and the Temple of Doom,1984,https://boxd.it/2bb8
2023-09-05,Minority Report,2002,https://boxd.it/2aWi
2023-09-05,Indiana Jones and the Kingdom of the Crystal Skull,2008,https://boxd.it/2aR8
2023-09-05,The Terminal,2004,https://boxd.it/2a2O
2023-09-05,The Lost World: Jurassic Park,1997,https://boxd.it/2azS
2023-09-05,The Adventures of Tintin,2011,https://boxd.it/1Irc
2023-09-05,War of the Worlds,2005,https://boxd.it/2bde
2023-09-05,Lincoln,2012,https://boxd.it/2n2s
2023-09-05,Eyes Wide Shut,1999,https://boxd.it/2axs
2023-09-05,Dr. Strangelove or: How I Learned to Stop Worrying and Love the Bomb,1964,https://boxd.it/29eY
2023-09-05,Vertigo,1958,https://boxd.it/2apI
2023-09-05,The Aviator,2004,https://boxd.it/26BU
2023-09-05,Kill Bill: Vol. 2,2004,https://boxd.it/2au4
2023-09-05,Knight and Day,2010,https://boxd.it/17po
2023-09-05,The Wolverine,2013,https://boxd.it/2CWU
2023-09-05,The Girl with the Dragon Tattoo,2011,https://boxd.it/2Pa
2023-09-05,Zodiac,2007,https://boxd.it/27MO
2023-09-05,Panic Room,2002,https://boxd.it/2490
2023-09-05,Alien³,1992,https://boxd.it/20zS
2023-09-05,Prometheus,2012,https://boxd.it/2s9e
2023-09-05,All the Money in the World,2017,https://boxd.it/fUsk
2023-09-05,Zero Dark Thirty,2012,https://boxd.it/3n1w
2023-09-05,True Lies,1994,https://boxd.it/19pq
2023-09-05,mother!,2017,https://boxd.it/dgRU
2023-09-05,King Kong,2005,https://boxd.it/2aLa
2023-09-05,Inside Man,2006,https://boxd.it/2auS
2023-09-05,BlacKkKlansman,2018,https://boxd.it/hxL8
2023-09-05,Da 5 Bloods,2020,https://boxd.it/lnXw
2023-09-05,Charlie and the Chocolate Factory,2005,https://boxd.it/2b68
2023-09-05,Beetlejuice,1988,https://boxd.it/24QI
2023-09-05,Top Gun,1986,https://boxd.it/29JC
2023-09-05,Tropic Thunder,2008,https://boxd.it/20WM
2023-09-05,Mission: Impossible – Ghost Protocol,2011,https://boxd.it/psI
2023-09-05,Collateral,2004,https://boxd.it/28F0
2023-09-05,Mission: Impossible III,2006,https://boxd.it/29cI
2023-09-05,Mission: Impossible II,2000,https://boxd.it/29cS
2023-09-05,Jerry Maguire,1996,https://boxd.it/1YNS
2023-09-05,Oblivion,2013,https://boxd.it/2Bzq
2023-09-05,Jack Reacher,2012,https://boxd.it/2BUo
2023-09-05,Valkyrie,2008,https://boxd.it/275g
2023-09-05,Star Wars: Episode II – Attack of the Clones,2002,https://boxd.it/27V2
2023-09-05,Glass,2019,https://boxd.it/g3uO
2023-09-05,Kong: Skull Island,2017,https://boxd.it/9ewM
2023-09-05,Unbreakable,2000,https://boxd.it/1XV2
2023-09-05,The Other Guys,2010,https://boxd.it/1rtq
2023-09-05,Die Hard With a Vengeance,1995,https://boxd.it/28zG
2023-09-05,The Hitman's Bodyguard,2017,https://boxd.it/dCmO
2023-09-05,Coach Carter,2005,https://boxd.it/218e
2023-09-05,Turbo,2013,https://boxd.it/2Hzw
2023-09-05,Deep Blue Sea,1999,https://boxd.it/1ZBo
2023-09-05,xXx: Return of Xander Cage,2017,https://boxd.it/JqC
2023-09-06,War for the Planet of the Apes,2017,https://boxd.it/8FE2
2023-09-06,Cloverfield,2008,https://boxd.it/2192
2023-09-11,2001: A Space Odyssey,1968,https://boxd.it/2bf0
2023-09-11,The Benchwarmers,2006,https://boxd.it/1Xr2
2023-09-13,Night at the Museum,2006,https://boxd.it/28wi
2023-09-13,Happy Feet,2006,https://boxd.it/1XH0
2023-09-13,Flubber,1997,https://boxd.it/1YkQ
2023-09-13,RV,2006,https://boxd.it/1YrW
2023-09-15,Saving Private Ryan,1998,https://boxd.it/29ro
2023-09-15,THX 1138,1971,https://boxd.it/29Ww
2023-09-15,Robin Hood,2010,https://boxd.it/1D6o
2023-09-15,Zathura: A Space Adventure,2005,https://boxd.it/21mq
2023-09-15,Elf,2003,https://boxd.it/1VyK
2023-09-15,Split,2016,https://boxd.it/dgSy
2023-09-15,Old,2021,https://boxd.it/npKI
2023-09-15,Signs,2002,https://boxd.it/26t2
2023-09-15,The Village,2004,https://boxd.it/21iS
2023-09-15,The Last Airbender,2010,https://boxd.it/1WQK
2023-09-15,The Happening,2008,https://boxd.it/200o
2023-09-15,After Earth,2013,https://boxd.it/2TSg
2023-09-15,Mission: Impossible,1996,https://boxd.it/29d2
2023-09-15,American Made,2017,https://boxd.it/bb66
2023-09-15,Harry Potter and the Prisoner of Azkaban,2004,https://boxd.it/29Qy
2023-09-15,Jurassic Park III,2001,https://boxd.it/2azI
2023-09-15,X-Men Origins: Wolverine,2009,https://boxd.it/27ug
2023-09-15,Spider-Man 2,2004,https://boxd.it/2a88
2023-09-15,Shrek Forever After,2010,https://boxd.it/1WRo
2023-09-15,Rise of the Planet of the Apes,2011,https://boxd.it/cS4
2023-09-15,X-Men: First Class,2011,https://boxd.it/FOA
2023-09-15,X-Men,2000,https://boxd.it/1a7s
2023-09-15,X-Men: Apocalypse,2016,https://boxd.it/7eJi
2023-09-15,X2,2003,https://boxd.it/1a7i
2023-09-15,X-Men: The Last Stand,2006,https://boxd.it/1a5Q
2023-09-15,Dark Phoenix,2019,https://boxd.it/anyO
2023-09-15,Deadpool,2016,https://boxd.it/9fOC
2023-09-18,Air,2023,https://boxd.it/Arlc
2023-09-18,The Disaster Artist,2017,https://boxd.it/cTqc
2023-09-18,The Unbearable Weight of Massive Talent,2022,https://boxd.it/o6eK
2023-09-18,The Lego Movie 2: The Second Part,2019,https://boxd.it/8BAU
2023-09-18,Neighbors 2: Sorority Rising,2016,https://boxd.it/aA80
2023-09-18,Bright,2017,https://boxd.it/e1H8
2023-09-21,Jumper,2008,https://boxd.it/20ss
2023-09-21,Big Game,2014,https://boxd.it/6MDQ
2023-09-21,Alien Resurrection,1997,https://boxd.it/20zI
2023-09-21,Predator,1987,https://boxd.it/2b84
2023-09-21,The Predator,2018,https://boxd.it/bDw2
2023-09-21,Predator 2,1990,https://boxd.it/2aY4
2023-09-21,10 Cloverfield Lane,2016,https://boxd.it/aZiu
2023-09-21,Oz the Great and Powerful,2013,https://boxd.it/2cAI
2023-09-21,Crawl,2019,https://boxd.it/iwYi
2023-09-21,Extraction,2020,https://boxd.it/jUjA
2023-09-21,Enemy,2013,https://boxd.it/5xtO
2023-09-21,Superman Returns,2006,https://boxd.it/28J2
2023-09-21,The Usual Suspects,1995,https://boxd.it/29XE
2023-09-27,The Super Mario Bros. Movie,2023,https://boxd.it/i8C8
2023-09-27,Donnie Darko,2001,https://boxd.it/2b2A
2023-09-27,The Prestige,2006,https://boxd.it/293w
2023-09-27,Tangled,2010,https://boxd.it/15gO
2023-09-27,The Princess Bride,1987,https://boxd.it/26EY
2023-09-27,Superbad,2007,https://boxd.it/20hO
2023-09-27,The Breakfast Club,1985,https://boxd.it/27q4
2023-09-27,Stand by Me,1986,https://boxd.it/2aOe
2023-09-27,Hot Fuzz,2007,https://boxd.it/2416
2023-09-27,Mean Girls,2004,https://boxd.it/1VNg
2023-09-27,The Devil Wears Prada,2006,https://boxd.it/2awE
2023-09-27,The Secret Life of Walter Mitty,2013,https://boxd.it/3SWy
2023-09-27,Brokeback Mountain,2005,https://boxd.it/2b2q
2023-09-27,Uncut Gems,2019,https://boxd.it/gXGc
2023-09-27,It,2017,https://boxd.it/bC8e
2023-09-27,Legally Blonde,2001,https://boxd.it/1ZNa
2023-09-27,Us,2019,https://boxd.it/gnV6
2023-09-27,Cars,2006,https://boxd.it/29ho
2023-09-28,Ray,2004,https://boxd.it/28km
2023-09-28,Renfield,2023,https://boxd.it/o8vy
2023-09-28,The Lego Batman Movie,2017,https://boxd.it/azp0
2023-09-28,The Lego Ninjago Movie,2017,https://boxd.it/8lEw
2023-09-28,The Amazing Spider-Man 2,2014,https://boxd.it/3utM
2023-09-28,Horrible Bosses,2011,https://boxd.it/Ba2
2023-09-28,Due Date,2010,https://boxd.it/YFs
2023-09-28,Project Power,2020,https://boxd.it/ml8S
2023-09-28,White House Down,2013,https://boxd.it/3TOg
2023-09-28,Robin Hood,2018,https://boxd.it/d3bc
2023-09-28,Sleepless,2017,https://boxd.it/ayES
2023-09-28,When They See Us,2019,https://boxd.it/kbJU
2023-09-28,Don't Look Up,2021,https://boxd.it/o0Hc
2023-09-28,The Perks of Being a Wallflower,2012,https://boxd.it/2ZA8
2023-09-28,Dunkirk,2017,https://boxd.it/d0Y6
2023-09-28,Bullet Train,2022,https://boxd.it/qW26
2023-09-28,Barbarian,2022,https://boxd.it/yohi
2023-09-28,Black Widow,2021,https://boxd.it/hWV8
2023-09-28,Home Alone,1990,https://boxd.it/29Fg
2023-09-28,Elvis,2022,https://boxd.it/mK4w
2023-09-28,"I, Tonya",2017,https://boxd.it/dzR0
2023-09-28,Turning Red,2022,https://boxd.it/ipkq
2023-09-28,The Amazing Spider-Man,2012,https://boxd.it/27PI
2023-09-28,The Nice Guys,2016,https://boxd.it/94Hg
2023-09-28,Mamma Mia!,2008,https://boxd.it/1Tnq
2023-09-28,Moana,2016,https://boxd.it/8tfY
2023-09-28,Die Hard,1988,https://boxd.it/2a7u
2023-09-28,"Three Billboards Outside Ebbing, Missouri",2017,https://boxd.it/ceBS
2023-09-28,Good Time,2017,https://boxd.it/fcFu
2023-09-28,Ocean's Eleven,2001,https://boxd.it/2aZm
2023-09-28,John Wick: Chapter 2,2017,https://boxd.it/ayGu
2023-09-28,The Imitation Game,2014,https://boxd.it/6aig
2023-09-28,Manchester by the Sea,2016,https://boxd.it/b2L0
2023-09-28,It Chapter Two,2019,https://boxd.it/h10u
2023-09-28,Snowpiercer,2013,https://boxd.it/3Icg
2023-09-28,Zombieland,2009,https://boxd.it/1En6
2023-09-28,Gravity,2013,https://boxd.it/GZY
2023-09-28,Silver Linings Playbook,2012,https://boxd.it/2TTo
2023-09-28,Boyhood,2014,https://boxd.it/3178
2023-09-28,Phantom Thread,2017,https://boxd.it/e4uc
2023-09-28,Midnight in Paris,2011,https://boxd.it/i4a
2023-09-28,"Crazy, Stupid, Love.",2011,https://boxd.it/D9A
2023-09-28,21 Jump Street,2012,https://boxd.it/J0
2023-09-28,Selena,1997,https://boxd.it/1KVS
2023-09-28,Dilwale Dulhania Le Jayenge,1995,https://boxd.it/1F9k
2023-09-28,Kabhi Khushi Kabhie Gham,2001,https://boxd.it/1Vtg
2023-09-28,My Name Is Khan,2010,https://boxd.it/1uD4
2023-09-28,Kal Ho Naa Ho,2003,https://boxd.it/24By
2023-09-28,Kuch Kuch Hota Hai,1998,https://boxd.it/1SVG
2023-09-28,Swades,2004,https://boxd.it/1Ly6
2023-09-28,Brahmāstra Part One: Shiva,2022,https://boxd.it/hUJO
2023-09-28,Chennai Express,2013,https://boxd.it/69tM
2023-09-28,Rab Ne Bana Di Jodi,2008,https://boxd.it/1OOG
2023-09-28,Main Hoon Na,2004,https://boxd.it/1OHA
2023-09-28,Chak De! India,2007,https://boxd.it/1ODI
2023-09-28,Veer-Zaara,2004,https://boxd.it/24C2
2023-09-28,Laal Singh Chaddha,2022,https://boxd.it/mbVK
2023-09-28,Happy New Year,2014,https://boxd.it/8sf4
2023-09-28,Don,2006,https://boxd.it/1IAI
2023-09-28,Ra.One,2011,https://boxd.it/ZbS
2023-09-28,Mohabbatein,2000,https://boxd.it/1TFa
2023-09-28,Dilwale,2015,https://boxd.it/cR60
2023-09-28,Fan,2016,https://boxd.it/d8xC
2023-09-28,Jab Tak Hai Jaan,2012,https://boxd.it/4iiu
2023-09-28,Kabhi Alvida Naa Kehna,2006,https://boxd.it/1Oci
2023-09-28,Raees,2017,https://boxd.it/cG4W
2023-09-28,Don 2,2011,https://boxd.it/10am
2023-09-28,Rocketry: The Nambi Effect,2022,https://boxd.it/mqrq
2023-09-28,Luck by Chance,2009,https://boxd.it/1Kja
2023-09-28,Bhoothnath,2008,https://boxd.it/1L6c
2023-09-28,Kaal,2005,https://boxd.it/1E0G
2023-09-28,Jodhaa Akbar,2008,https://boxd.it/1OOw
2023-09-28,Dhoom 2,2006,https://boxd.it/1OAa
2023-09-28,War,2019,https://boxd.it/lwH8
2023-09-28,Koi... Mil Gaya,2003,https://boxd.it/1vFg
2023-09-28,Krrish,2006,https://boxd.it/1gCw
2023-09-28,Bang Bang!,2014,https://boxd.it/8Lsw
2023-09-28,Krrish 3,2013,https://boxd.it/68tm
2023-09-28,Lakshya,2004,https://boxd.it/1Ckk
2023-09-28,Mujhse Dosti Karoge!,2002,https://boxd.it/1uci
2023-09-28,Mohenjo Daro,2016,https://boxd.it/e9xA
2023-09-28,Kites,2010,https://boxd.it/17Dq
2023-09-28,Main Prem Ki Diwani Hoon,2003,https://boxd.it/58x2
2023-09-28,Lagaan: Once Upon a Time in India,2001,https://boxd.it/1EII
2023-09-28,Sholay,1975,https://boxd.it/1Saq
2023-09-28,Piku,2015,https://boxd.it/aXUc
2023-09-28,English Vinglish,2012,https://boxd.it/3Weq
2023-09-28,Pink,2016,https://boxd.it/eEQo
2023-09-28,Badla,2019,https://boxd.it/lmKQ
2023-09-28,Black,2005,https://boxd.it/1hZQ
2023-09-28,Bunty Aur Babli,2005,https://boxd.it/1T8U
2023-09-28,Wazir,2016,https://boxd.it/8mPA
2023-09-28,Thugs of Hindostan,2018,https://boxd.it/gVHM
2023-09-28,Paa,2009,https://boxd.it/1tYA
2023-09-28,Bhoothnath Returns,2014,https://boxd.it/7RFY
2023-09-28,102 Not Out,2018,https://boxd.it/gt8k
2023-09-28,Aankhen,2002,https://boxd.it/1BdM
2023-09-28,God Tussi Great Ho,2008,https://boxd.it/1usq
2023-09-28,Rang De Basanti,2006,https://boxd.it/20KG
2023-09-28,Dil Chahta Hai,2001,https://boxd.it/1Nsk
2023-09-28,Ghajini,2008,https://boxd.it/1OP0
2023-09-28,Dil Dhadakne Do,2015,https://boxd.it/bdZC
2023-09-28,Talaash,2012,https://boxd.it/33ae
2023-09-28,Dhoom 3,2013,https://boxd.it/QDS
2023-09-28,Secret Superstar,2017,https://boxd.it/fIma
2023-09-28,Fanaa,2006,https://boxd.it/207O
2023-09-28,Mangal Pandey - The Rising,2005,https://boxd.it/1Doi
2023-09-28,Dhoom,2004,https://boxd.it/1ICE
2023-09-29,Bāhubali: The Beginning,2015,https://boxd.it/7y2y
2023-09-29,Bāhubali 2: The Conclusion,2017,https://boxd.it/bMfO
2023-09-29,Eega,2012,https://boxd.it/4HhQ
2023-09-29,Magadheera,2009,https://boxd.it/1yMa
2023-09-29,Maryada Ramanna,2010,https://boxd.it/tuI
2023-09-29,Yamadonga,2007,https://boxd.it/2FcU
2023-09-29,Yeh Jawaani Hai Deewani,2013,https://boxd.it/5Cmo
2023-09-29,Wake Up Sid,2009,https://boxd.it/1C8e
2023-09-29,Student Of The Year,2012,https://boxd.it/4rkY
2023-09-29,Dostana,2008,https://boxd.it/1OOQ
2023-09-29,Agneepath,2012,https://boxd.it/2Zqi
2023-09-29,Sooryavanshi,2021,https://boxd.it/lOHU
2023-09-29,JugJugg Jeeyo,2022,https://boxd.it/sKo4
2023-09-29,Ittefaq,2017,https://boxd.it/gCw6
2023-09-29,Humpty Sharma Ki Dulhania,2014,https://boxd.it/8r2I
2023-09-29,Good Newwz,2019,https://boxd.it/nTa6
2023-09-29,I Hate Luv Storys,2010,https://boxd.it/10XI
2023-09-29,Brothers,2015,https://boxd.it/aNQu
2023-09-29,We Are Family,2010,https://boxd.it/QEG
2023-09-29,Kurbaan,2009,https://boxd.it/1xlW
2023-09-29,Gori Tere Pyaar Mein,2013,https://boxd.it/6ZnQ
2023-09-29,Billu,2009,https://boxd.it/1Kj0
2023-09-29,Mujhse Shaadi Karogi,2004,https://boxd.it/1Dos
2023-09-29,Sainikudu,2006,https://boxd.it/32ry
2023-09-29,Athidhi,2007,https://boxd.it/nJ8
2023-09-29,Murari,2001,https://boxd.it/32tk
2023-09-29,Brahmotsavam,2016,https://boxd.it/cSOM
2023-09-29,Seethamma Vakitlo Sirimalle Chettu,2013,https://boxd.it/5PiO
2023-09-29,Bharat Ane Nenu,2018,https://boxd.it/i7KA
2023-09-29,Businessman,2012,https://boxd.it/2WYm
2023-09-29,Pokiri,2006,https://boxd.it/1ziK
2023-09-29,Athadu,2005,https://boxd.it/18T0
2023-09-29,1: Nenokkadine,2014,https://boxd.it/7jOs
2023-09-29,The Ghost,2022,https://boxd.it/wLwm
2023-09-29,Manam,2014,https://boxd.it/7rrw
2023-09-29,King,2008,https://boxd.it/2pKm
2023-09-29,Manmadhudu,2002,https://boxd.it/2PKs
2023-09-29,Don,2007,https://boxd.it/1Vc
2023-09-29,Mass,2004,https://boxd.it/2PJE
2023-09-29,Super,2005,https://boxd.it/4Ifc
2023-09-29,Santosham,2002,https://boxd.it/uCe
2023-09-29,Hum Tum,2004,https://boxd.it/24BI
2023-09-29,Sharmaji Namkeen,2022,https://boxd.it/wPCy
2023-09-29,PK,2014,https://boxd.it/9q1G
2023-09-29,Barfi!,2012,https://boxd.it/4aL4
2023-09-29,Tamasha,2015,https://boxd.it/bgLI
2023-09-29,Sanju,2018,https://boxd.it/hTZm
2023-09-29,Shamshera,2022,https://boxd.it/jFYe
2023-09-29,Bajirao Mastani,2015,https://boxd.it/ck2O
2023-09-29,Padmaavat,2018,https://boxd.it/fkVq
2023-09-29,Goliyon Ki Raasleela Ram-Leela,2013,https://boxd.it/6WPW
2023-09-29,Karthik Calling Karthik,2010,https://boxd.it/1djw
2023-09-29,Cocktail,2012,https://boxd.it/3Vme
2023-09-29,Finding Fanny,2014,https://boxd.it/8KsA
2023-09-29,The Fast and the Furious,2001,https://boxd.it/1XMu
2023-09-29,The Guardians of the Galaxy Holiday Special,2022,https://boxd.it/t77K
2023-09-29,The Fast and the Furious: Tokyo Drift,2006,https://boxd.it/1Yeo
2023-09-29,Fast Five,2011,https://boxd.it/BgO
2023-09-29,Fast & Furious 6,2013,https://boxd.it/2UG6
2023-09-29,Fast & Furious,2009,https://boxd.it/1Pnm
2023-09-29,The Pacifier,2005,https://boxd.it/1Xhm
2023-09-29,Clash of the Titans,2010,https://boxd.it/1GfI
2023-09-29,Kick-Ass,2010,https://boxd.it/1zaQ
2023-09-29,National Treasure,2004,https://boxd.it/27x0
2023-09-29,Gone in Sixty Seconds,2000,https://boxd.it/1Y4y
2023-09-29,The Ant Bully,2006,https://boxd.it/1XyM
2023-09-29,Omkara,2006,https://boxd.it/1Ny8
2023-09-29,Salaam Namaste,2005,https://boxd.it/1MQA
2023-09-29,Ta Ra Rum Pum,2007,https://boxd.it/1ODo
2023-09-29,Thoda Pyaar Thoda Magic,2008,https://boxd.it/1Ox6
2023-09-29,Hera Pheri,2000,https://boxd.it/1BBO
2023-09-29,OMG: Oh My God!,2012,https://boxd.it/4nuA
2023-09-29,Welcome,2007,https://boxd.it/1DLc
2023-09-29,Special 26,2013,https://boxd.it/59fS
2023-09-29,Phir Hera Pheri,2006,https://boxd.it/1DCk
2023-09-29,Airlift,2016,https://boxd.it/d2t0
2023-09-29,Singh Is Kinng,2008,https://boxd.it/1S8u
2023-09-29,De Dana Dan,2009,https://boxd.it/1uXI
2023-09-29,Ram Setu,2022,https://boxd.it/sIjm
2023-09-29,Jaan-E-Mann,2006,https://boxd.it/isG
2023-09-29,Bajrangi Bhaijaan,2015,https://boxd.it/bIbo
2023-09-29,Ek Tha Tiger,2012,https://boxd.it/32Xk
2023-09-29,Bodyguard,2011,https://boxd.it/2vV6
2023-09-29,Wanted,2009,https://boxd.it/1Aa8
2023-09-29,GodFather,2022,https://boxd.it/wEoA
2023-09-29,No One Killed Jessica,2011,https://boxd.it/wfG
2023-09-29,Dil Bole Hadippa!,2009,https://boxd.it/1AjE
2023-09-29,Haider,2014,https://boxd.it/8E5A
2023-09-29,Jab We Met,2007,https://boxd.it/1T2W
2023-09-29,Udta Punjab,2016,https://boxd.it/dXFW
2023-09-29,Vaah! Life Ho Toh Aisi!,2005,https://boxd.it/2WW6
2023-09-29,Fida,2004,https://boxd.it/59xC
2023-09-29,Rowdy Rathore,2012,https://boxd.it/3v3A
2023-09-29,Golmaal Returns,2008,https://boxd.it/1NSC
2023-09-29,Munna Bhai M.B.B.S.,2003,https://boxd.it/1ENy
2023-09-29,Lage Raho Munna Bhai,2006,https://boxd.it/1BRs
2023-09-29,Khosla Ka Ghosla!,2006,https://boxd.it/1Mie
2023-09-29,Bluffmaster!,2005,https://boxd.it/1EOm
2023-09-29,Ferrari Ki Sawaari,2012,https://boxd.it/3Vd2
2023-09-29,The Big Sick,2017,https://boxd.it/eHvy
2023-09-29,A Wednesday!,2008,https://boxd.it/1EFE
2023-09-29,Baywatch,2017,https://boxd.it/biG6
2023-09-29,Isn't It Romantic,2019,https://boxd.it/g1jE
2023-09-29,Jonas Brothers Family Roast,2021,https://boxd.it/xMmO
2023-09-29,Mary Kom,2014,https://boxd.it/8Nbi
2023-09-29,Taxi No. 9211,2006,https://boxd.it/1CGA
2023-09-29,Long Shot,2019,https://boxd.it/grG0
2023-09-29,American Hustle,2013,https://boxd.it/5dz8
2023-09-29,War Dogs,2016,https://boxd.it/9SlO
2023-09-29,Limitless,2011,https://boxd.it/Aly
2023-09-29,Moneyball,2011,https://boxd.it/glS
2023-09-29,Onward,2020,https://boxd.it/io92
2023-09-29,Wanted,2008,https://boxd.it/1ZBS
2023-09-29,Movie 43,2013,https://boxd.it/37qK
2023-09-29,Delivery Man,2013,https://boxd.it/4E5M
2023-09-29,Wallace & Gromit: The Curse of the Were-Rabbit,2005,https://boxd.it/2ac0
2023-09-29,Brave,2012,https://boxd.it/bVG
2023-09-29,Monsters University,2013,https://boxd.it/bQm
2023-09-29,A Bug's Life,1998,https://boxd.it/1Yyy
2023-09-29,Cars 2,2011,https://boxd.it/H4Y
2023-09-29,Cars 3,2017,https://boxd.it/7IPq
2023-09-29,The Little Mermaid,1989,https://boxd.it/1WYO
2023-09-29,Brother Bear,2003,https://boxd.it/1Xjs
2023-09-29,Home on the Range,2004,https://boxd.it/1PB4
2023-09-29,Chicken Little,2005,https://boxd.it/1Xnu
2023-09-29,Meet the Robinsons,2007,https://boxd.it/28Ym
2023-09-29,Bolt,2008,https://boxd.it/1QXg
2023-09-29,Wreck-It Ralph,2012,https://boxd.it/2TTS
2023-09-29,Antz,1998,https://boxd.it/1ZB4
2023-09-29,Chicken Run,2000,https://boxd.it/20Xg
2023-09-29,Shark Tale,2004,https://boxd.it/1VYe
2023-09-29,Madagascar,2005,https://boxd.it/29dc
2023-09-29,Over the Hedge,2006,https://boxd.it/20QY
2023-09-29,Bee Movie,2007,https://boxd.it/22Vw
2023-09-29,Kung Fu Panda,2008,https://boxd.it/1Yws
2023-09-29,Madagascar: Escape 2 Africa,2008,https://boxd.it/1W2K
2023-09-29,Monsters vs Aliens,2009,https://boxd.it/1M50
2023-09-29,Megamind,2010,https://boxd.it/16Sk
2023-09-29,Kung Fu Panda 2,2011,https://boxd.it/G36
2023-09-29,How to Train Your Dragon 2,2014,https://boxd.it/2TRW
2023-09-29,Kung Fu Panda 3,2016,https://boxd.it/4uRQ
2023-09-29,The Boss Baby,2017,https://boxd.it/9mfO
2023-09-29,Captain Underpants: The First Epic Movie,2017,https://boxd.it/8312
2023-09-29,The SpongeBob SquarePants Movie,2004,https://boxd.it/1SYq
2023-09-29,The Fairly OddParents: Channel Chasers,2004,https://boxd.it/d2qU
2023-09-29,Jimmy Neutron: Boy Genius,2001,https://boxd.it/1RDm
2023-09-29,Rango,2011,https://boxd.it/QPk
2023-09-29,Nacho Libre,2006,https://boxd.it/1YTG
2023-09-29,Lemony Snicket's A Series of Unfortunate Events,2004,https://boxd.it/1T7s
2023-09-29,Hey Arnold! The Movie,2002,https://boxd.it/1IaU
2023-09-29,Dora and the Lost City of Gold,2019,https://boxd.it/i1VW
2023-09-29,The SpongeBob Movie: Sponge Out of Water,2015,https://boxd.it/6JxU
2023-09-29,"Yours, Mine & Ours",2005,https://boxd.it/1Q2E
2023-09-29,The 40 Year Old Virgin,2005,https://boxd.it/21hK
2023-09-29,Anchorman: The Legend of Ron Burgundy,2004,https://boxd.it/1ZVo
2023-09-29,Sausage Party,2016,https://boxd.it/6CCe
2023-09-29,Pineapple Express,2008,https://boxd.it/1WRS
2023-09-29,50/50,2011,https://boxd.it/10Tw
2023-09-29,Knocked Up,2007,https://boxd.it/23yS
2023-09-29,The Night Before,2015,https://boxd.it/9n9W
2023-09-29,Horton Hears a Who!,2008,https://boxd.it/1SfA
2023-09-29,Zack and Miri Make a Porno,2008,https://boxd.it/1WsI
2023-09-29,The Guilt Trip,2012,https://boxd.it/2TUm
2023-09-29,Comedy Central Roast of James Franco,2013,https://boxd.it/9xEq
2023-09-29,Dhamaal,2007,https://boxd.it/1Dx0
2023-09-29,Dus,2005,https://boxd.it/kGq
2023-09-29,Anthony Kaun Hai?,2006,https://boxd.it/66iw
2023-09-29,World War Z,2013,https://boxd.it/2p2E
2023-09-29,Mr. & Mrs. Smith,2005,https://boxd.it/29CG
2023-09-29,Ocean's Twelve,2004,https://boxd.it/2aZ2
2023-09-29,Ocean's Thirteen,2007,https://boxd.it/2aEy
2023-09-29,Contagion,2011,https://boxd.it/13rq
2023-09-29,This Is the End,2013,https://boxd.it/3GB4
2023-09-29,Forgetting Sarah Marshall,2008,https://boxd.it/1XEq
2023-09-29,Evan Almighty,2007,https://boxd.it/26s4
2023-09-29,Ice Age,2002,https://boxd.it/2apS
2023-09-29,"I, Robot",2004,https://boxd.it/27y8
2023-09-29,Men in Black,1997,https://boxd.it/2a0I
2023-09-29,The Pursuit of Happyness,2006,https://boxd.it/28PE
2023-09-29,I Am Legend,2007,https://boxd.it/21DG
2023-09-29,Men in Black II,2002,https://boxd.it/2a0y
2023-09-29,Men in Black 3,2012,https://boxd.it/103U
2023-09-29,Hancock,2008,https://boxd.it/1Zv6
2023-09-29,Focus,2015,https://boxd.it/7zl2
2023-09-29,Bad Boys,1995,https://boxd.it/1XVG
2023-09-29,Anchorman 2: The Legend Continues,2013,https://boxd.it/3GNk
2023-09-29,Hitch,2005,https://boxd.it/205o
2023-09-29,Bad Boys II,2003,https://boxd.it/1ZuW
2023-09-29,Gemini Man,2019,https://boxd.it/gaUu
2023-09-29,Seven Pounds,2008,https://boxd.it/1U8w
2023-09-29,DodgeBall: A True Underdog Story,2004,https://boxd.it/1YAY
2023-09-29,Bruce Almighty,2003,https://boxd.it/2aCC
2023-09-29,Get Smart,2008,https://boxd.it/1Tig
2023-09-29,Date Night,2010,https://boxd.it/2l5a
2023-09-29,Cheaper by the Dozen,2003,https://boxd.it/1USa
2023-09-29,The Pink Panther,2006,https://boxd.it/1Sys
2023-09-29,Big Fat Liar,2002,https://boxd.it/1STg
2023-09-29,Welcome to Marwen,2018,https://boxd.it/bNBQ
2023-09-29,Cast Away,2000,https://boxd.it/20i8
2023-09-29,The Polar Express,2004,https://boxd.it/23am
2023-09-29,Flight,2012,https://boxd.it/35Ca
2023-09-29,The Town,2010,https://boxd.it/1zyS
2023-09-29,Gone Baby Gone,2007,https://boxd.it/23R6
2023-09-29,Armageddon,1998,https://boxd.it/2b9Q
2023-09-29,Daredevil,2003,https://boxd.it/1YzG
2023-09-29,Spy Kids,2001,https://boxd.it/1Xcw
2023-09-29,The Adventures of Sharkboy and Lavagirl,2005,https://boxd.it/1Ozm
2023-09-29,Spy Kids 2: The Island of Lost Dreams,2002,https://boxd.it/1Yyo
2023-09-29,Spy Kids 3-D: Game Over,2003,https://boxd.it/1S7w
2023-09-29,Bombshell,2019,https://boxd.it/j5YC
2023-09-29,Peter Rabbit,2018,https://boxd.it/di8W
2023-09-29,Funky Monkey,2004,https://boxd.it/6UI
2023-09-29,Scott Pilgrim vs. the World,2010,https://boxd.it/1Aq6
2023-09-29,The World's End,2013,https://boxd.it/3EiO
2023-09-29,School of Rock,2003,https://boxd.it/28xK
2023-09-29,Easy A,2010,https://boxd.it/17DK
2023-09-29,Squid Game,2021,https://boxd.it/x1OG
2023-09-29,The Edge of Seventeen,2016,https://boxd.it/d5nu
2023-09-29,Ocean's Eight,2018,https://boxd.it/eaai
2023-09-29,Ghostbusters,1984,https://boxd.it/g2w
2023-09-29,Casino Royale,2006,https://boxd.it/1alk
2023-09-29,Life of Pi,2012,https://boxd.it/37pC
2023-09-29,WandaVision,2021,https://boxd.it/sbGW
2023-09-29,Nocturnal Animals,2016,https://boxd.it/bkFu
2023-09-29,The Greatest Showman,2017,https://boxd.it/acjI
2023-09-29,Hacksaw Ridge,2016,https://boxd.it/azew
2023-09-29,Borat: Cultural Learnings of America for Make Benefit Glorious Nation of Kazakhstan,2006,https://boxd.it/2agQ
2023-09-29,Dallas Buyers Club,2013,https://boxd.it/4O8G
2023-09-29,Swiss Army Man,2016,https://boxd.it/bDG2
2023-09-29,Zoolander,2001,https://boxd.it/1YMA
2023-09-29,Loki,2021,https://boxd.it/sbHg
2023-09-29,Matilda,1996,https://boxd.it/1VhY
2023-09-29,The Trial of the Chicago 7,2020,https://boxd.it/kn3w
2023-09-29,Uncharted,2022,https://boxd.it/b5Dy
2023-09-29,Home Alone 2: Lost in New York,1992,https://boxd.it/29F6
2023-09-29,Romeo + Juliet,1996,https://boxd.it/2ama
2023-09-29,How to Lose a Guy in 10 Days,2003,https://boxd.it/1XwG
2023-09-29,Kingsman: The Golden Circle,2017,https://boxd.it/buJm
2023-09-29,Ted,2012,https://boxd.it/2pgc
2023-09-29,"The Chronicles of Narnia: The Lion, the Witch and the Wardrobe",2005,https://boxd.it/2ark
2023-09-29,Hidden Figures,2016,https://boxd.it/dgS4
2023-09-29,Napoleon Dynamite,2004,https://boxd.it/20wu
2023-09-29,The Mask,1994,https://boxd.it/29rS
2023-09-29,Pokémon Detective Pikachu,2019,https://boxd.it/fVA0
2023-09-29,Airplane!,1980,https://boxd.it/29yu
2023-09-29,Borat Subsequent Moviefilm,2020,https://boxd.it/rNS0
2023-09-29,Mamma Mia! Here We Go Again,2018,https://boxd.it/gnfO
2023-09-29,Lucy,2014,https://boxd.it/75hu
2023-09-29,We're the Millers,2013,https://boxd.it/4srQ
2023-09-29,District 9,2009,https://boxd.it/1Iik
2023-09-29,Scooby-Doo,2002,https://boxd.it/1YaQ
2023-09-29,Sherlock Holmes,2009,https://boxd.it/1W2A
2023-09-29,Transformers,2007,https://boxd.it/280c
2023-09-29,Freaky Friday,2003,https://boxd.it/1WwK
2023-09-29,Willy Wonka & the Chocolate Factory,1971,https://boxd.it/2aLu
2023-09-29,Morbius,2022,https://boxd.it/j978
2023-09-29,Happy Death Day,2017,https://boxd.it/fDz4
2023-09-29,Cloudy with a Chance of Meatballs,2009,https://boxd.it/1A40
2023-09-29,50 First Dates,2004,https://boxd.it/285c
2023-09-29,High School Musical,2006,https://boxd.it/1V0y
2023-09-29,The Simpsons Movie,2007,https://boxd.it/6YU
2023-09-29,Spring Breakers,2012,https://boxd.it/421s
2023-09-29,Blonde,2022,https://boxd.it/9AG0
2023-09-29,Lion,2016,https://boxd.it/b2La
2023-09-29,Project X,2012,https://boxd.it/neO
2023-09-29,127 Hours,2010,https://boxd.it/SLa
2023-09-29,Red Notice,2021,https://boxd.it/ixtq
2023-09-29,Grown Ups,2010,https://boxd.it/169a
2023-09-29,Speed,1994,https://boxd.it/28qk
2023-09-29,She's the Man,2006,https://boxd.it/1Y7W
2023-09-29,Quantum of Solace,2008,https://boxd.it/1Vs8
2023-09-29,The Karate Kid,1984,https://boxd.it/27Wk
2023-09-29,The Room,2003,https://boxd.it/1ICY
2023-09-29,Captain Phillips,2013,https://boxd.it/3GPK
2023-09-29,Star Trek,2009,https://boxd.it/1Q6c
2023-09-29,American Pie,1999,https://boxd.it/27qy
2023-09-29,Friends with Benefits,2011,https://boxd.it/DoK
2023-09-29,High School Musical 2,2007,https://boxd.it/1PIu
2023-09-29,Fantastic Four,2005,https://boxd.it/1XVw
2023-09-29,The Blind Side,2009,https://boxd.it/1zWg
2023-09-29,Taken,2008,https://boxd.it/1ZXa
2023-09-29,TRON: Legacy,2010,https://boxd.it/1Dlo
2023-09-29,Murder Mystery,2019,https://boxd.it/iEBm
2023-09-29,The Founder,2016,https://boxd.it/9XwM
2023-09-29,2 Fast 2 Furious,2003,https://boxd.it/2a4g
2023-09-29,Sherlock Holmes: A Game of Shadows,2011,https://boxd.it/k3S
2023-09-29,Molly's Game,2017,https://boxd.it/dSl8
2023-09-29,Ice Age: The Meltdown,2006,https://boxd.it/2wRk
2023-09-29,Nerve,2016,https://boxd.it/aJIc
2023-09-29,Big,1988,https://boxd.it/271S
2023-09-29,2012,2009,https://boxd.it/1OE2
2023-09-29,"10,000 BC",2008,https://boxd.it/20NK
2023-09-29,High School Musical 3: Senior Year,2008,https://boxd.it/1SR0
2023-09-29,The Fugitive,1993,https://boxd.it/230G
2023-09-29,Ender's Game,2013,https://boxd.it/2N9Y
2023-09-29,Firewall,2006,https://boxd.it/1XTg
2023-09-29,Pixels,2015,https://boxd.it/7BaA
2023-09-29,Jingle All the Way,1996,https://boxd.it/1Z58
2023-09-29,Christmas with the Kranks,2004,https://boxd.it/1PEW
2023-09-29,Fantastic Four: Rise of the Silver Surfer,2007,https://boxd.it/27Ii
2023-09-29,"I Love You, Beth Cooper",2009,https://boxd.it/1ErW
2023-09-29,Terminator Salvation,2009,https://boxd.it/2abQ
2023-09-29,Terminator: Dark Fate,2019,https://boxd.it/96YI
2023-09-29,Terminator 3: Rise of the Machines,2003,https://boxd.it/2aES
2023-09-29,Terminator Genisys,2015,https://boxd.it/35s0
2023-09-29,The Karate Kid,2010,https://boxd.it/15HA
2023-09-29,Popstar: Never Stop Never Stopping,2016,https://boxd.it/blDa
2023-09-29,Power Rangers,2017,https://boxd.it/9KKc
2023-09-29,"I Love You, Man",2009,https://boxd.it/1JZu
2023-09-29,Ambulance,2022,https://boxd.it/sFxg
2023-09-29,Pain & Gain,2013,https://boxd.it/4lp4
2023-09-29,The Island,2005,https://boxd.it/28qE
2023-09-29,The Parent Trap,1998,https://boxd.it/1XJq
2023-09-29,Pacific Rim,2013,https://boxd.it/2cB2
2023-09-29,The Fifth Element,1997,https://boxd.it/71k
2023-09-29,Moon Knight,2022,https://boxd.it/zeDq
2023-09-29,Enchanted,2007,https://boxd.it/24co
2023-09-29,The Proposal,2009,https://boxd.it/1HiS
2023-09-29,Divergent,2014,https://boxd.it/4VT0
2023-09-29,Training Day,2001,https://boxd.it/27A4
2023-09-29,The Bourne Identity,2002,https://boxd.it/26EO
2023-09-29,Wind River,2017,https://boxd.it/dR3i
2023-09-29,Hawkeye,2021,https://boxd.it/xQqK
2023-09-29,The Da Vinci Code,2006,https://boxd.it/2a3i
2023-09-29,Sing,2016,https://boxd.it/b5EQ
2023-09-29,Rush Hour,1998,https://boxd.it/27pU
2023-09-29,Paranormal Activity,2007,https://boxd.it/1yIM
2023-09-29,Die Hard 2,1990,https://boxd.it/28zw
2023-09-29,RED,2010,https://boxd.it/13uu
2023-09-29,Live Free or Die Hard,2007,https://boxd.it/28zQ
2023-09-29,The Expendables 2,2012,https://boxd.it/2CPE
2023-09-29,A Good Day to Die Hard,2013,https://boxd.it/JrK
2023-09-29,Death Wish,2018,https://boxd.it/dRqm
2023-09-29,Surrogates,2009,https://boxd.it/1EiU
2023-09-29,16 Blocks,2006,https://boxd.it/27cc
2023-09-29,Hostage,2005,https://boxd.it/27Bc
2023-09-29,The Falcon and the Winter Soldier,2021,https://boxd.it/sbH6
2023-09-29,Ms. Marvel,2022,https://boxd.it/ANCY
2023-09-29,She-Hulk: Attorney at Law,2022,https://boxd.it/CjLK
2023-09-29,Marvel's The Defenders,2017,https://boxd.it/oszg
2023-09-29,Super 8,2011,https://boxd.it/dVI
2023-09-29,Bodies Bodies Bodies,2022,https://boxd.it/iRcE
2023-09-29,The Pink Panther 2,2009,https://boxd.it/1MHy
2023-09-29,Agent Cody Banks,2003,https://boxd.it/1V4g
2023-09-29,Ponniyin Selvan: Part I,2022,https://boxd.it/oz24
2023-09-29,Enthiran,2010,https://boxd.it/4Hgo
2023-09-29,Raavan,2010,https://boxd.it/18i4
2023-09-29,Bol Bachchan,2012,https://boxd.it/3MzI
2023-09-29,Golmaal – Fun Unlimited,2006,https://boxd.it/1EI4
2023-09-29,Players,2012,https://boxd.it/2VDi
2023-09-29,Monster House,2006,https://boxd.it/1Z2e
2023-09-29,Road Trip,2000,https://boxd.it/1Z4a
2023-09-29,The Bourne Ultimatum,2007,https://boxd.it/26Eu
2023-09-29,The Bourne Supremacy,2004,https://boxd.it/26EE
2023-09-29,Elysium,2013,https://boxd.it/2cBm
2023-09-29,Downsizing,2017,https://boxd.it/9Ajq
2023-09-30,Star Trek Into Darkness,2013,https://boxd.it/uYE
2023-09-30,Source Code,2011,https://boxd.it/fdo
2023-09-30,The Meyerowitz Stories (New and Selected),2017,https://boxd.it/dSp0
2023-09-30,The Dictator,2012,https://boxd.it/2DEW
2023-09-30,"Extremely Wicked, Shockingly Evil and Vile",2019,https://boxd.it/glCG
2023-09-30,Into the Woods,2014,https://boxd.it/6DtW
2023-09-30,The Gift,2015,https://boxd.it/aJMy
2023-09-30,Valerian and the City of a Thousand Planets,2017,https://boxd.it/biYY
2023-09-30,End of Watch,2012,https://boxd.it/2F5O
2023-09-30,Chappie,2015,https://boxd.it/5Y3e
2023-09-30,Dolemite Is My Name,2019,https://boxd.it/je6E
2023-09-30,Drushyam,2014,https://boxd.it/8xUQ
2023-09-30,Kantara,2022,https://boxd.it/wqK8
2023-09-30,The BFG,2016,https://boxd.it/81cs
2023-10-01,Rocky Aur Rani Kii Prem Kahaani,2023,https://boxd.it/w0wa
2023-10-01,Band Baaja Baaraat,2010,https://boxd.it/yl2
2023-10-01,Ladies VS. Ricky Bahl,2011,https://boxd.it/2TSA
2023-10-01,Befikre,2016,https://boxd.it/e0w4
2023-10-01,Takers,2010,https://boxd.it/1zTQ
2023-10-01,Jungle Cruise,2021,https://boxd.it/g4YK
2023-10-01,Central Intelligence,2016,https://boxd.it/9DFE
2023-10-01,The Game Plan,2007,https://boxd.it/1PDY
2023-10-01,Goosebumps,2015,https://boxd.it/7Bp6
2023-10-01,Mom,2017,https://boxd.it/edYA
2023-10-01,Race,2008,https://boxd.it/1EJQ
2023-10-01,Aaja Nachle,2007,https://boxd.it/1OEm
2023-10-01,Ramji Londonwaley,2005,https://boxd.it/7EmO
2023-10-02,Les Misérables,2012,https://boxd.it/2TT4
2023-10-02,Unhinged,2020,https://boxd.it/najM
2023-10-02,Don Jon,2013,https://boxd.it/4sdk
2023-10-02,The Good Nurse,2022,https://boxd.it/jIXI
2023-10-02,Mrs. Doubtfire,1993,https://boxd.it/29Cw
2023-10-02,Upgrade,2018,https://boxd.it/i4gW
2023-10-02,Robots,2005,https://boxd.it/1Xve
2023-10-02,Gattaca,1997,https://boxd.it/29Du
2023-10-02,The Lorax,2012,https://boxd.it/2w9M
2023-10-02,The Spectacular Now,2013,https://boxd.it/4VSG
2023-10-02,To Kill a Mockingbird,1962,https://boxd.it/2a2E
2023-10-02,Hairspray,2007,https://boxd.it/261M
2023-10-02,Bill & Ted's Excellent Adventure,1989,https://boxd.it/28oI
2023-10-02,The Matrix Reloaded,2003,https://boxd.it/2a1c
2023-10-02,The Matrix Revolutions,2003,https://boxd.it/2a12
2023-10-02,Bill & Ted's Bogus Journey,1991,https://boxd.it/28oy
2023-10-02,Replicas,2018,https://boxd.it/9yBi
2023-10-02,Fifty Shades of Grey,2015,https://boxd.it/6qLo
2023-10-02,Emily the Criminal,2022,https://boxd.it/wBOq
2023-10-02,Stuart Little,1999,https://boxd.it/1WZW
2023-10-02,Just Go with It,2011,https://boxd.it/Doq
2023-10-02,Alvin and the Chipmunks,2007,https://boxd.it/21E0
2023-10-02,Holes,2003,https://boxd.it/20mE
2023-10-02,Apollo 13,1995,https://boxd.it/2a6G
2023-10-02,The Cat in the Hat,2003,https://boxd.it/1VSU
2023-10-02,Missing Link,2019,https://boxd.it/gn0O
2023-10-02,Sita Ramam,2022,https://boxd.it/xO2c
2023-10-02,Son of Satyamurthy,2015,https://boxd.it/b0uw
2023-10-02,Okkadu,2003,https://boxd.it/3iHC
2023-10-02,Bommarillu,2006,https://boxd.it/1iG6
2023-10-02,Shirdi Sai,2012,https://boxd.it/4rcq
2023-10-02,Konchem Ishtam Konchem Kashtam,2009,https://boxd.it/32tO
2023-10-02,Stalin,2006,https://boxd.it/78y4
2023-10-05,How the Grinch Stole Christmas,2000,https://boxd.it/1ZHQ
2023-10-05,Angels & Demons,2009,https://boxd.it/1Q9K
2023-10-05,Thirteen Lives,2022,https://boxd.it/q7O4
2023-10-05,Son of the Mask,2005,https://boxd.it/1WNQ
2023-10-05,Teacher's Pet,2004,https://boxd.it/1ys0
2023-10-05,Fat Albert,2004,https://boxd.it/1MVA
2023-10-05,Night at the Museum: Battle of the Smithsonian,2009,https://boxd.it/1H7U
2023-10-05,Because of Winn-Dixie,2005,https://boxd.it/1HWo
2023-10-05,The Call,2013,https://boxd.it/4Xgu
2023-10-05,My Sister's Keeper,2009,https://boxd.it/1Xh2
2023-10-06,Snowden,2016,https://boxd.it/9CWO
2023-10-06,National Treasure: Book of Secrets,2007,https://boxd.it/21rq
2023-10-06,The Sorcerer's Apprentice,2010,https://boxd.it/1sGg
2023-10-06,G.I. Joe: The Rise of Cobra,2009,https://boxd.it/1Ndu
2023-10-06,Premium Rush,2012,https://boxd.it/FQw
2023-10-06,17 Again,2009,https://boxd.it/1Jnq
2023-10-06,That Awkward Moment,2014,https://boxd.it/6Ftu
2023-10-07,Reservoir Dogs,1992,https://boxd.it/2agc
2023-10-10,Miss Congeniality,2000,https://boxd.it/28GM
2023-10-10,The Heat,2013,https://boxd.it/4p9a
2023-10-10,The Unforgivable,2021,https://boxd.it/nZ4e
2023-10-12,Uncle Buck,1989,https://boxd.it/26yG
2023-10-12,Devil,2010,https://boxd.it/SX6
2023-10-14,Saw II,2005,https://boxd.it/2aRs
2023-10-15,Ashta Chamma,2008,https://boxd.it/2PeQ
2023-10-15,M.C.A,2017,https://boxd.it/htJM
2023-10-15,Aadavari Matalaku Ardhalu Verule,2007,https://boxd.it/2P2K
2023-10-16,Mr. Harrigan's Phone,2022,https://boxd.it/r6VK
2023-10-17,Black Hawk Down,2001,https://boxd.it/29rI
2023-10-19,Home Alone 3,1997,https://boxd.it/1XZ4
2023-10-19,Home Sweet Home Alone,2021,https://boxd.it/om1C
2023-10-19,Home Alone 4,2002,https://boxd.it/1RLA
2023-10-19,Eye in the Sky,2015,https://boxd.it/aZg4
2023-10-20,Coming to America,1988,https://boxd.it/1Ygu
2023-10-20,RoboCop,2014,https://boxd.it/3m4k
2023-10-20,Dear Evan Hansen,2021,https://boxd.it/kOP8
2023-10-20,Non-Stop,2014,https://boxd.it/6FtO
2023-10-20,Eagle Eye,2008,https://boxd.it/1QZc
2023-10-21,Joy Ride,2023,https://boxd.it/wEeK
2023-10-21,Asteroid City,2023,https://boxd.it/s3ds
2023-10-21,The Italian Job,2003,https://boxd.it/1Y86
2023-10-21,Deepwater Horizon,2016,https://boxd.it/9oiU
2023-10-21,Patriots Day,2016,https://boxd.it/dyo2
2023-10-21,2 Guns,2013,https://boxd.it/4oAk
2023-10-21,Me Time,2022,https://boxd.it/wzV0
2023-10-23,Fast X,2023,https://boxd.it/drIu
2023-10-23,John Wick: Chapter 3 – Parabellum,2019,https://boxd.it/gmFw
2023-10-24,Catwoman,2004,https://boxd.it/2aBY
2023-10-24,The Golden Compass,2007,https://boxd.it/272Q
2023-10-24,Black Mirror: Shut Up and Dance,2016,https://boxd.it/hRRq
2023-10-24,Black Mirror: Bandersnatch,2018,https://boxd.it/kTDG
2023-10-24,Black Mirror: San Junipero,2016,https://boxd.it/k4aS
2023-10-24,Black Mirror: Nosedive,2016,https://boxd.it/hK9G
2023-10-24,Black Mirror: White Christmas,2014,https://boxd.it/B3qu
2023-10-24,Black Mirror: Hang the DJ,2017,https://boxd.it/hQYA
2023-10-24,Black Mirror: USS Callister,2017,https://boxd.it/hQXi
2023-10-24,Black Mirror: Fifteen Million Merits,2011,https://boxd.it/hQYU
2023-10-24,Black Mirror: White Bear,2013,https://boxd.it/hRpG
2023-10-24,Black Mirror: The Entire History of You,2011,https://boxd.it/hQZ4
2023-10-24,Black Mirror: Black Museum,2017,https://boxd.it/hRqu
2023-10-24,Black Mirror: Striking Vipers,2019,https://boxd.it/mlse
2023-10-24,Black Mirror: The National Anthem,2011,https://boxd.it/hQYK
2023-10-24,"Black Mirror: Rachel, Jack and Ashley Too",2019,https://boxd.it/mltQ
2023-10-24,Black Mirror: Be Right Back,2013,https://boxd.it/hRpw
2023-10-24,Black Mirror: Playtest,2016,https://boxd.it/hRR6
2023-10-24,Black Mirror: Arkangel,2017,https://boxd.it/hQXW
2023-10-24,Black Mirror: Smithereens,2019,https://boxd.it/mltc
2023-10-24,Black Mirror: Crocodile,2017,https://boxd.it/hRoS
2023-10-24,Black Mirror: Hated in the Nation,2016,https://boxd.it/hSBI
2023-10-24,Black Mirror: The Waldo Moment,2013,https://boxd.it/hRpQ
2023-10-24,Black Mirror: Metalhead,2017,https://boxd.it/hRqk
2023-10-24,Black Mirror: Men Against Fire,2016,https://boxd.it/hSBS
2023-10-24,Who Killed Santa? A Murderville Murder Mystery,2022,https://boxd.it/DKgw
2023-10-24,Ticket to Paradise,2022,https://boxd.it/u8Cc
2023-10-24,Up in the Air,2009,https://boxd.it/1zPY
2023-10-24,Bad Teacher,2011,https://boxd.it/yXA
2023-10-24,Step Brothers,2008,https://boxd.it/1SsE
2023-10-24,The Green Hornet,2011,https://boxd.it/10TQ
2023-10-24,Accepted,2006,https://boxd.it/1XO6
2023-10-24,Herbie Fully Loaded,2005,https://boxd.it/1TP0
2023-10-24,Falling for Christmas,2022,https://boxd.it/vpEG
2023-10-24,Old Dogs,2009,https://boxd.it/1zPE
2023-10-24,Percy Jackson & the Olympians: The Lightning Thief,2010,https://boxd.it/1gJi
2023-10-24,The Day After Tomorrow,2004,https://boxd.it/2aog
2023-10-24,The Book of Eli,2010,https://boxd.it/1Dnu
2023-10-24,Déjà Vu,2006,https://boxd.it/20PQ
2023-10-24,Unstoppable,2010,https://boxd.it/SVO
2023-10-24,Safe House,2012,https://boxd.it/hbk
2023-10-24,The Great Debaters,2007,https://boxd.it/1ORU
2023-10-24,The Equalizer,2014,https://boxd.it/4TUK
2023-10-24,AK vs AK,2020,https://boxd.it/rBZ4
2023-10-24,Kahaani,2012,https://boxd.it/2UfY
2023-10-24,Shakuntala Devi,2020,https://boxd.it/pltC
2023-10-25,He's All That,2021,https://boxd.it/bFbA
2023-10-25,American Pie Presents: Girls' Rules,2020,https://boxd.it/oAn8
2023-10-25,No Hard Feelings,2023,https://boxd.it/xouu
2023-10-25,The Lizzie McGuire Movie,2003,https://boxd.it/1GoA
2023-10-25,The Spy Who Dumped Me,2018,https://boxd.it/geEg
2023-10-25,Hasan Minhaj: Homecoming King,2017,https://boxd.it/gn6M
2023-10-25,Hasan Minhaj: The King's Jester,2022,https://boxd.it/CIJk
2023-10-25,Luckiest Girl Alive,2022,https://boxd.it/u5Sw
2023-10-28,Knowing,2009,https://boxd.it/1Pmy
2023-10-30,Killers of the Flower Moon,2023,https://boxd.it/gHp0
2023-10-31,Taxi Driver,1976,https://boxd.it/2b8y
2023-10-31,Blood Diamond,2006,https://boxd.it/28Tm
2023-11-01,Spin,2021,https://boxd.it/rzma
2023-11-01,Jump In!,2007,https://boxd.it/1P16
2023-11-01,Akeelah and the Bee,2006,https://boxd.it/1PuC
2023-11-02,The Shaggy Dog,2006,https://boxd.it/1XaK
2023-11-03,Sky High,2005,https://boxd.it/1TNI
2023-11-05,Miss. Shetty Mr. Polishetty,2023,https://boxd.it/DyTQ
2023-11-05,Hook,1991,https://boxd.it/29nQ
2023-11-05,Secret in Their Eyes,2015,https://boxd.it/96zo
2023-11-05,The Campaign,2012,https://boxd.it/2Hz2
2023-11-05,A Wrinkle in Time,2018,https://boxd.it/el46
2023-11-05,No Strings Attached,2011,https://boxd.it/YUs
2023-11-05,Unaccompanied Minors,2006,https://boxd.it/1Hv8
2023-11-05,G-Force,2009,https://boxd.it/1ETc
2023-11-06,Jawan,2023,https://boxd.it/wVDs
2023-11-09,Elemental,2023,https://boxd.it/ASiE
2023-11-09,Life Is Ruff,2005,https://boxd.it/509m
2023-11-09,Drake & Josh Go Hollywood,2006,https://boxd.it/T9w
2023-11-09,Drake & Josh: Really Big Shrimp,2007,https://boxd.it/jHb4
2023-11-09,"Merry Christmas, Drake & Josh",2008,https://boxd.it/1eHY
2023-11-10,A Christmas Carol,2009,https://boxd.it/1HKW
2023-11-12,Casablanca,1942,https://boxd.it/2aG0
2023-11-12,The Goonies,1985,https://boxd.it/1YVC
2023-11-12,Hypnotic,2023,https://boxd.it/jwXw
2023-11-13,The Happytime Murders,2018,https://boxd.it/eyTm
2023-11-14,"Planes, Trains and Automobiles",1987,https://boxd.it/26zE
2023-11-14,Creed II,2018,https://boxd.it/hgl8
2023-11-14,Fast & Furious Presents: Hobbs & Shaw,2019,https://boxd.it/dnDA
2023-11-14,Beau Is Afraid,2023,https://boxd.it/u2gE
2023-11-15,Wedding Season,2022,https://boxd.it/uQ9S
2023-11-15,Happy Death Day 2U,2019,https://boxd.it/ixt6
2023-11-15,Million Dollar Arm,2014,https://boxd.it/5Y34
2023-11-15,Tom & Jerry,2021,https://boxd.it/lCXG
2023-11-27,The SpongeBob Movie: Sponge on the Run,2020,https://boxd.it/e1Ac
2023-11-27,Cats,2019,https://boxd.it/jydK
2023-11-27,The Last Samurai,2003,https://boxd.it/29ZA
2023-11-28,Past Lives,2023,https://boxd.it/oNB8
2023-12-10,Dhokha: Round D Corner,2022,https://boxd.it/C0Xs
2023-12-13,Mast Mein Rehne Ka,2023,https://boxd.it/JtVk
2023-12-13,Hulchul,2004,https://boxd.it/1DBw
2023-12-16,Indiana Jones and the Dial of Destiny,2023,https://boxd.it/b8vM
2023-12-16,Air Force One,1997,https://boxd.it/1XQw
2023-12-17,The Firm,1993,https://boxd.it/18JY
2023-12-18,X,2022,https://boxd.it/sxVa
2023-12-19,Fruitvale Station,2013,https://boxd.it/4VRy
2023-12-19,Fast Times at Ridgemont High,1982,https://boxd.it/1QnM
2023-12-19,Taken 3,2014,https://boxd.it/7Iqq
2023-12-19,Vantage Point,2008,https://boxd.it/20Uw
2023-12-23,Scarface,1983,https://boxd.it/2b7g
2023-12-24,The Foreigner,2017,https://boxd.it/dbRg
2023-12-24,Holiday in the Vineyards,2023,https://boxd.it/J8dw
2023-12-24,Scooby-Doo 2: Monsters Unleashed,2004,https://boxd.it/1UPA
2023-12-24,Christmas with You,2022,https://boxd.it/zkew
2023-12-24,Love Hard,2021,https://boxd.it/rxXS
2023-12-24,I Believe in Santa,2022,https://boxd.it/DQIc
2023-12-24,Rain Man,1988,https://boxd.it/2avw
2023-12-24,Taken 2,2012,https://boxd.it/2TWi
2023-12-25,Candy Cane Lane,2023,https://boxd.it/CGHw
2023-12-25,A Parks and Recreation Special,2020,https://boxd.it/q1k8
2023-12-25,The Haunted Mansion,2003,https://boxd.it/1Vtq
2023-12-25,Wild Things,1998,https://boxd.it/29Zq
2023-12-26,Love and Monsters,2020,https://boxd.it/lJ6E
2023-12-26,Turner & Hooch,1989,https://boxd.it/21ie
2023-12-28,Robin Hood: Prince of Thieves,1991,https://boxd.it/20hu
2023-12-28,Won't You Be My Neighbor?,2018,https://boxd.it/hDPU
2023-12-28,The Belko Experiment,2016,https://boxd.it/blCw
2023-12-31,She's Out of My League,2010,https://boxd.it/1eww
2023-12-31,30 Minutes or Less,2011,https://boxd.it/bRa
2023-12-31,Fantastic Four,2015,https://boxd.it/5a9c
2023-12-31,GoldenEye,1995,https://boxd.it/29KU
2023-12-31,Flightplan,2005,https://boxd.it/1YZu
2023-12-31,Salt,2010,https://boxd.it/1rtK
2023-12-31,Lemonade Mouth,2011,https://boxd.it/4bG
2024-01-01,The Kindergarten Teacher,2018,https://boxd.it/hE3i
2024-01-02,Jackie Brown,1997,https://boxd.it/2aVO
2024-01-02,Gran Turismo,2023,https://boxd.it/B2lS
2024-01-02,Eragon,2006,https://boxd.it/26Fs
2024-01-03,Ma,2019,https://boxd.it/i8Wi
2024-01-03,Bad Words,2013,https://boxd.it/6g1A
2024-01-03,The Guilty,2021,https://boxd.it/kOPW
2024-01-03,Prince of Persia: The Sands of Time,2010,https://boxd.it/1YpQ
2024-01-04,May December,2023,https://boxd.it/vEE2
2024-01-04,Next,2007,https://boxd.it/28bY
2024-01-05,You Don't Mess with the Zohan,2008,https://boxd.it/1VHs
2024-01-05,Bedtime Stories,2008,https://boxd.it/1WPM
2024-01-05,Anger Management,2003,https://boxd.it/1YvO
2024-01-05,The Longest Yard,2005,https://boxd.it/1Z3c
2024-01-05,Hannah Montana: The Movie,2009,https://boxd.it/1Hx4
2024-01-05,Cheaper by the Dozen 2,2005,https://boxd.it/1Yac
2024-01-05,Looney Tunes: Back in Action,2003,https://boxd.it/1Vzo
2024-01-06,The Creator,2023,https://boxd.it/oXWq
2024-01-06,Godzilla,2014,https://boxd.it/47OE
2024-01-06,Now You See Me,2013,https://boxd.it/2Bsu
2024-01-06,Olympus Has Fallen,2013,https://boxd.it/3TMY
2024-01-06,London Has Fallen,2016,https://boxd.it/814o
2024-01-06,Going in Style,2017,https://boxd.it/bSKS
2024-01-06,The Bourne Legacy,2012,https://boxd.it/H16
2024-01-06,What Happened to Monday,2017,https://boxd.it/ejUu
2024-01-07,The Killer,2023,https://boxd.it/u6WE
2024-01-07,The Lighthouse,2019,https://boxd.it/icFU
2024-01-10,Inspector Gadget,1999,https://boxd.it/2azy
2024-01-10,Ghost,1990,https://boxd.it/2aLE
2024-01-10,Black Dynamite,2009,https://boxd.it/1wX6
2024-01-10,The Sandlot,1993,https://boxd.it/1TDy
2024-01-10,Nanny McPhee,2005,https://boxd.it/1Uek
2024-01-10,Green Lantern,2011,https://boxd.it/QN4
2024-01-10,Harold & Kumar Go to White Castle,2004,https://boxd.it/1Ueu
2024-01-10,American Reunion,2012,https://boxd.it/2qH4
2024-01-10,Harold & Kumar Escape from Guantanamo Bay,2008,https://boxd.it/1QoU
2024-01-10,A Very Harold & Kumar Christmas,2011,https://boxd.it/rLM
2024-01-10,The Shallows,2016,https://boxd.it/aXgQ
2024-01-11,In the Line of Fire,1993,https://boxd.it/1YOw
2024-01-11,Poseidon,2006,https://boxd.it/2afI
2024-01-11,Richard Jewell,2019,https://boxd.it/99Mg
2024-01-11,Rat Race,2001,https://boxd.it/1XAo
2024-01-11,Around the World in 80 Days,2004,https://boxd.it/1WPs
2024-01-11,Of Mice and Men,1992,https://boxd.it/1Yfm
2024-01-11,8 Mile,2002,https://boxd.it/2bew
2024-01-11,Black Swan,2010,https://boxd.it/Sw0
2024-01-11,Ghosts of Girlfriends Past,2009,https://boxd.it/1RIm
2024-01-11,Garfield,2004,https://boxd.it/1ZAA
2024-01-11,Open Season,2006,https://boxd.it/20U2
2024-01-11,Marry Me,2022,https://boxd.it/mLSC
2024-01-11,Take the 10,2017,https://boxd.it/fmCA
2024-01-11,Escape Plan,2013,https://boxd.it/3DX2
2024-01-11,American Ultra,2015,https://boxd.it/7KXc
2024-01-11,The Next Karate Kid,1994,https://boxd.it/1Uja
2024-01-11,Spaceballs,1987,https://boxd.it/29cy
2024-01-12,Hi Nanna,2023,https://boxd.it/Eqsa
2024-01-12,Aata,2007,https://boxd.it/6SM
2024-01-12,Jaane Tu... Ya Jaane Na,2008,https://boxd.it/1O2i
2024-01-12,Happy,2006,https://boxd.it/2PBU
2024-01-14,Mr. Bean's Holiday,2007,https://boxd.it/28Yc
2024-01-14,Bean,1997,https://boxd.it/28WA
2024-01-15,Shastry Viruddh Shastry,2023,https://boxd.it/ziGe
2024-01-15,Bhagam Bhag,2006,https://boxd.it/ZYK
2024-01-15,Malamaal Weekly,2006,https://boxd.it/1DoC
2024-01-15,Atithi Tum Kab Jaoge?,2010,https://boxd.it/1ego
2024-01-15,Chup Chup Ke,2006,https://boxd.it/1ELW
2024-01-15,Polite Society,2023,https://boxd.it/AU9u
2024-01-18,Disturbia,2007,https://boxd.it/20rk
2024-01-18,Surf's Up,2007,https://boxd.it/1YKY
2024-01-18,Safety Not Guaranteed,2012,https://boxd.it/2Y3M
2024-01-18,Let's Be Cops,2014,https://boxd.it/5Qvu
2024-01-18,Self Reliance,2023,https://boxd.it/EzDG
2024-01-18,Peppermint,2018,https://boxd.it/gnOE
2024-01-18,The Break-Up,2006,https://boxd.it/1XRk
2024-01-19,Hanu-Man,2024,https://boxd.it/wNZ6
2024-01-19,Saaho,2019,https://boxd.it/gdaa
2024-01-20,Man on a Ledge,2012,https://boxd.it/FQm
2024-01-20,The Uninvited,2009,https://boxd.it/1OrW
2024-01-20,Twister,1996,https://boxd.it/29S0
2024-01-20,The Santa Clause,1994,https://boxd.it/1TWK
2024-01-22,Call Me by Your Name,2017,https://boxd.it/dYmm
2024-01-24,Society of the Snow,2023,https://boxd.it/y9aw
2024-01-24,Pompeii,2014,https://boxd.it/2E8W
2024-01-24,Baby's Day Out,1994,https://boxd.it/1Ume
2024-01-24,Space Jam,1996,https://boxd.it/26YO
2024-01-24,The Tourist,2010,https://boxd.it/17Hs
2024-01-24,The Tuxedo,2002,https://boxd.it/1Vra
2024-01-25,The Bounty Hunter,2010,https://boxd.it/1rtU
2024-01-25,Piranha 3D,2010,https://boxd.it/U5q
2024-01-25,United 93,2006,https://boxd.it/1XHY
2024-01-26,12th Fail,2023,https://boxd.it/I1sM
2024-01-27,Dumb Money,2023,https://boxd.it/tNdU
2024-01-29,Pain Hustlers,2023,https://boxd.it/wBNW
2024-01-29,Saltburn,2023,https://boxd.it/z4eg
2024-02-01,The Last Duel,2021,https://boxd.it/mQbe
2024-02-02,Sound of Freedom,2023,https://boxd.it/piEi
2024-02-02,Blindspotting,2018,https://boxd.it/hDMw
2024-02-02,"Monica, O My Darling",2022,https://boxd.it/yuuM
2024-02-02,The Lovebirds,2020,https://boxd.it/labE
2024-02-02,Wendy Wu: Homecoming Warrior,2006,https://boxd.it/d32
2024-02-02,The Luck of the Irish,2001,https://boxd.it/Obs
2024-02-03,Rush Hour 2,2001,https://boxd.it/23ga
2024-02-03,Rush Hour 3,2007,https://boxd.it/23gk
2024-02-03,Paul Blart: Mall Cop,2009,https://boxd.it/1NQw
2024-02-03,Kicking & Screaming,2005,https://boxd.it/1XnE
2024-02-06,Yesterday,2019,https://boxd.it/iF7M
2024-02-08,Fighter,2024,https://boxd.it/tvnM
2024-02-11,Badlapur,2015,https://boxd.it/avnO
2024-02-11,RoboCop,1987,https://boxd.it/22Wu
2024-02-12,Rocket Singh: Salesman of the Year,2009,https://boxd.it/1t7m
2024-02-12,Animal,2023,https://boxd.it/toAu
2024-02-12,Do Revenge,2022,https://boxd.it/sFiA
2024-02-16,Sivaji: The Boss,2007,https://boxd.it/1yq4
2024-02-17,Maestro,2023,https://boxd.it/j0DE
2024-02-18,Okja,2017,https://boxd.it/dvXe
2024-02-19,Bottoms,2023,https://boxd.it/uGf2
2024-02-20,The Love Bug,1968,https://boxd.it/1OHg
2024-02-26,Lightyear,2022,https://boxd.it/qV1G
2024-02-28,The 15:17 to Paris,2018,https://boxd.it/gatS
2024-02-28,Mystic River,2003,https://boxd.it/2aAG
2024-03-01,The New Mutants,2020,https://boxd.it/bjle
2024-03-02,Dune: Part Two,2024,https://boxd.it/pUfA
2024-03-03,Dunki,2023,https://boxd.it/Ahr0
2024-03-05,Secret Invasion,2023,https://boxd.it/HcqU
2024-03-11,Dawn of the Dead,2004,https://boxd.it/29gK
2024-03-12,Being the Ricardos,2021,https://boxd.it/iJQc
2024-03-16,Poor Things,2023,https://boxd.it/tNWU
2024-03-21,Article 370,2024,https://boxd.it/KRUC
2024-03-22,The Marvels,2023,https://boxd.it/mwU4
2024-03-24,Anatomy of a Fall,2023,https://boxd.it/yuDE
2024-03-24,Notting Hill,1999,https://boxd.it/2aeK
2024-03-25,SpongeBob's Atlantis SquarePantis,2007,https://boxd.it/baDI
2024-03-25,Recess: School's Out,2001,https://boxd.it/1F9a
2024-03-28,Wonka,2023,https://boxd.it/tCQm
2024-03-29,House of Gucci,2021,https://boxd.it/nVkC
2024-04-01,Creed III,2023,https://boxd.it/pf68
2024-04-04,Blue Beetle,2023,https://boxd.it/kJLq
2024-04-04,The Searchers,1956,https://boxd.it/25HC
2024-04-05,Kindergarten Cop,1990,https://boxd.it/29dm
2024-04-05,Daddy Day Camp,2007,https://boxd.it/1OFY
2024-04-06,Moulin Rouge!,2001,https://boxd.it/29wI
2024-04-08,Dumb and Dumber,1994,https://boxd.it/206m
2024-04-12,American Fiction,2023,https://boxd.it/DYHm
2024-04-13,Rush,2013,https://boxd.it/3lyS
2024-04-15,Civil War,2024,https://boxd.it/z1jW
2024-04-15,The Holdovers,2023,https://boxd.it/vHza
2024-04-15,Napoleon,2023,https://boxd.it/shJM
2024-04-16,The Wild,2006,https://boxd.it/1Xz6
2024-04-16,The Fairly OddParents: Abra Catastrophe! The Movie,2003,https://boxd.it/q4SW
2024-04-16,Shredderman Rules,2007,https://boxd.it/1rZc
2024-04-16,"A Fairly Odd Movie: Grow Up, Timmy Turner!",2011,https://boxd.it/2tMc
2024-04-19,Pinocchio,1940,https://boxd.it/1V8C
2024-04-19,Cowboys & Aliens,2011,https://boxd.it/F2G
2024-04-20,The Wonderful Story of Henry Sugar,2023,https://boxd.it/yNyo
2024-04-22,The Sting,1973,https://boxd.it/1Z5s
2024-04-24,Romeo and Juliet,1968,https://boxd.it/22cQ
2024-04-26,The Notebook,2004,https://boxd.it/1UNE
2024-04-27,Ante... Sundaraniki!,2022,https://boxd.it/vu0w
2024-04-27,The Zone of Interest,2023,https://boxd.it/gJsA
2024-04-28,Midsommar,2019,https://boxd.it/jhxe
2024-05-03,Remember the Titans,2000,https://boxd.it/1VLk
2024-05-03,The Farewell,2019,https://boxd.it/kIky
2024-05-05,Princess Mononoke,1997,https://boxd.it/2b4w
2024-05-05,Howl's Moving Castle,2004,https://boxd.it/23De
2024-05-05,Abhiyum Naanum,2008,https://boxd.it/11l6
2024-05-05,Homam,2008,https://boxd.it/1M8e
2024-05-05,The Family Star,2024,https://boxd.it/H90k
2024-05-05,Aquaman and the Lost Kingdom,2023,https://boxd.it/l1LS
2024-05-06,Kangaroo Jack,2003,https://boxd.it/1VMM
2024-05-06,Minari,2020,https://boxd.it/mL9M
2024-05-07,Piranha 3DD,2012,https://boxd.it/2qow
2024-05-08,Jai Chiranjeeva,2005,https://boxd.it/3U3U
2024-05-09,Monkey Man,2024,https://boxd.it/kvsO
2024-05-09,Andhadhun,2018,https://boxd.it/jtfc
2024-05-09,Maqbool,2003,https://boxd.it/1CbM
2024-05-09,Self/less,2015,https://boxd.it/71yw
2024-05-09,The Human Centipede (First Sequence),2009,https://boxd.it/18Tu
2024-05-09,Jackass: The Movie,2002,https://boxd.it/1Zo0
2024-05-09,The Emoji Movie,2017,https://boxd.it/d9x4
2024-05-09,This Is 40,2012,https://boxd.it/39WI
2024-05-09,When We First Met,2018,https://boxd.it/fn3G
2024-05-09,Fyre,2019,https://boxd.it/kP0g
2024-05-09,Downton Abbey,2019,https://boxd.it/jvdM
2024-05-09,Journey to the Center of the Earth,2008,https://boxd.it/38EI
2024-05-09,Camp Rock,2008,https://boxd.it/1PHw
2024-05-09,Catch That Kid,2004,https://boxd.it/1DpK
2024-05-09,Agent Cody Banks 2: Destination London,2004,https://boxd.it/1Jhi
2024-05-09,Are We There Yet?,2005,https://boxd.it/1Tms
2024-05-09,Are We Done Yet?,2007,https://boxd.it/1WUi
2024-05-09,College Road Trip,2008,https://boxd.it/1Q3C
2024-05-09,Garfield: A Tail of Two Kitties,2006,https://boxd.it/1YuG
2024-05-09,Hatching Pete,2009,https://boxd.it/ykI
2024-05-09,Inspector Gadget 2,2003,https://boxd.it/1Eyy
2024-05-09,Stuck in the Suburbs,2004,https://boxd.it/3QUA
2024-05-09,Now You See It...,2005,https://boxd.it/1udU
2024-05-09,Read It and Weep,2006,https://boxd.it/240M
2024-05-09,Minutemen,2008,https://boxd.it/1AG4
2024-05-09,Princess Protection Program,2009,https://boxd.it/1F5s
2024-05-09,Eddie's Million Dollar Cook Off,2003,https://boxd.it/45iG
2024-05-09,That's So Suite Life of Hannah Montana,2006,https://boxd.it/6aci
2024-05-10,The Glass House,2001,https://boxd.it/27gS
2024-05-10,Mad Max,1979,https://boxd.it/1Y7i
2024-05-11,Twilight,2008,https://boxd.it/1Zui
2024-05-12,Pete's Dragon,2016,https://boxd.it/9hza
2024-05-14,The Great Gatsby,2013,https://boxd.it/JY
2024-05-16,Saw,2004,https://boxd.it/2aWW
2024-05-17,Her,2013,https://boxd.it/4O24
2024-05-17,Jexi,2019,https://boxd.it/mXTM
2024-05-17,"Game Over, Man!",2018,https://boxd.it/gjaK
2024-05-19,Mad Max 2,1981,https://boxd.it/1ZPg
2024-05-20,Girls Trip,2017,https://boxd.it/eL4G
2024-05-20,Hardcore Henry,2015,https://boxd.it/aAIM
2024-05-20,Madame Web,2024,https://boxd.it/nwD0
2024-05-22,Comedy Central Roast of Donald Trump,2011,https://boxd.it/aMkM
2024-05-22,Cleaner,2007,https://boxd.it/1Qxi
2024-05-22,Comedy Central Roast of Bruce Willis,2018,https://boxd.it/jwR4
2024-05-22,The Bodyguard,1992,https://boxd.it/29Z6
2024-05-22,Jack Ryan: Shadow Recruit,2014,https://boxd.it/4pFq
2024-05-22,3 Days to Kill,2014,https://boxd.it/5Ntq
2024-05-22,Anukokunda Oka Roju,2005,https://boxd.it/2P6W
2024-05-25,Meet the Patels,2014,https://boxd.it/7Yck
2024-05-26,The Iron Claw,2023,https://boxd.it/w5Pm
2024-05-29,Big Fish,2003,https://boxd.it/2a3M
2024-05-31,In the Heights,2021,https://boxd.it/gLhu
2024-06-01,Crew,2024,https://boxd.it/DA96
2024-06-04,1917,2019,https://boxd.it/jj4y
2024-06-04,Mere Brother Ki Dulhan,2011,https://boxd.it/2AVg
2024-06-04,Partner,2007,https://boxd.it/1s6W
2024-06-04,New York,2009,https://boxd.it/1EOQ
2024-06-04,Kabul Express,2006,https://boxd.it/1lJ8
2024-06-04,Aa Dekhen Zara,2009,https://boxd.it/1Jgu
2024-06-06,Speed,2007,https://boxd.it/8dxi
2024-06-06,The Roommate,2011,https://boxd.it/ENw
2024-06-07,Godzilla Minus One,2023,https://boxd.it/zu4c
2024-06-08,Beverly Hills Cop,1984,https://boxd.it/2baE
2024-06-10,Uunchai,2022,https://boxd.it/C9Vg
2024-06-10,Fighting with My Family,2019,https://boxd.it/fRyO
2024-06-11,Hasee Toh Phasee,2014,https://boxd.it/7n3g
2024-06-11,Shershaah,2021,https://boxd.it/m860
2024-06-11,Chirutha,2007,https://boxd.it/2YwO
2024-06-11,The Karate Kid Part II,1986,https://boxd.it/1ZJM
2024-06-13,Tower Heist,2011,https://boxd.it/iQI
2024-06-15,Run,2020,https://boxd.it/jVM4
2024-06-16,Schindler's List,1993,https://boxd.it/2aq2
2024-06-17,The After,2023,https://boxd.it/Ikpi
2024-06-20,Inside Out 2,2024,https://boxd.it/CFrC
2024-06-22,Mask,1985,https://boxd.it/1UrI
2024-06-22,Stand and Deliver,1988,https://boxd.it/1o5g
2024-06-22,Valiant,2005,https://boxd.it/1OBM
2024-06-24,Memory,2022,https://boxd.it/uPj8
2024-06-25,Animal House,1978,https://boxd.it/2062
2024-06-27,Furiosa: A Mad Max Saga,2024,https://boxd.it/tABk
2024-06-27,Malliswari,2004,https://boxd.it/2PKC
2024-06-27,Varsham,2004,https://boxd.it/2SQI
2024-06-27,Yogi,2007,https://boxd.it/6JsK
2024-06-27,Style,2006,https://boxd.it/6EBM
2024-06-29,Bob the Butler,2005,https://boxd.it/1A7o
2024-06-29,A Goofy Movie,1995,https://boxd.it/1Lwu
2024-06-29,Max Keeble's Big Move,2001,https://boxd.it/1dHe
2024-06-29,Bao,2018,https://boxd.it/iEl4
2024-06-29,Piper,2016,https://boxd.it/dZaG
2024-06-29,Sanjay's Super Team,2015,https://boxd.it/bA6A
2024-06-29,Lava,2014,https://boxd.it/8S9G
2024-06-29,Geri's Game,1997,https://boxd.it/1P6U
2024-06-29,Day & Night,2010,https://boxd.it/11kM
2024-06-29,Purl,2018,https://boxd.it/jomC
2024-07-01,The Godfather,1972,https://boxd.it/2aNK
2024-07-02,A Quiet Place: Day One,2024,https://boxd.it/sDAi
2024-07-03,Wish,2023,https://boxd.it/CFtS
2024-07-03,"Honey, I Blew Up the Kid",1992,https://boxd.it/1UuM
2024-07-04,What Lies Beneath,2000,https://boxd.it/26v8
2024-07-04,Mean Girls,2024,https://boxd.it/p6nO
2024-07-04,A Million Ways to Die in the West,2014,https://boxd.it/5H9k
2024-07-04,Comedy Central Roast of Charlie Sheen,2011,https://boxd.it/9nxO
2024-07-04,When a Stranger Calls,2006,https://boxd.it/1XcG
2024-07-05,iCarly: iGo to Japan,2008,https://boxd.it/be8
2024-07-05,iParty with Victorious,2011,https://boxd.it/neqs
2024-07-05,Re-Elected,2020,https://boxd.it/ltts
2024-07-05,The Internship,2013,https://boxd.it/3SWS
2024-07-09,Kalki 2898-AD,2024,https://boxd.it/uaUM
2024-07-09,Vishwaroopam,2013,https://boxd.it/3U0c
2024-07-12,Guillermo del Toro's Pinocchio,2022,https://boxd.it/kjMW
2024-07-17,Alien: Covenant,2017,https://boxd.it/49UY
2024-07-18,Prey,2022,https://boxd.it/sNBU
2024-07-19,Angels in the Outfield,1994,https://boxd.it/1wYo
2024-07-19,A Beautiful Mind,2001,https://boxd.it/2amk
2024-07-21,Teenage Mutant Ninja Turtles: Mutant Mayhem,2023,https://boxd.it/mK0a
2024-07-21,Prom Night,2008,https://boxd.it/201c
2024-07-21,John Tucker Must Die,2006,https://boxd.it/1Z2S
2024-07-21,Much Ado About Nothing,1993,https://boxd.it/1SDM
2024-07-23,Cool Runnings,1993,https://boxd.it/29qg
2024-07-24,Hit Man,2023,https://boxd.it/ANB2
2024-07-25,What Is a Woman?,2022,https://boxd.it/A8UM
2024-07-26,The Cabin in the Woods,2011,https://boxd.it/1zOc
2024-07-27,Cobra Kai - The Afterparty,2021,https://boxd.it/wLgS
2024-07-29,Comedy Central Roast of Justin Bieber,2015,https://boxd.it/aYEO
2024-07-30,Deadpool & Wolverine,2024,https://boxd.it/jq8s
2024-07-30,Message from the King,2016,https://boxd.it/9Amk
2024-08-01,Carol,2015,https://boxd.it/7DPK
2024-08-01,Buried,2010,https://boxd.it/1tXC
2024-08-02,American Pie Presents: The Naked Mile,2006,https://boxd.it/20qG
2024-08-02,American Pie Presents: Beta House,2007,https://boxd.it/20qm
2024-08-04,Titane,2021,https://boxd.it/nlQC
2024-08-05,Gladiator,2000,https://boxd.it/2b9m
2024-08-05,Superman II,1980,https://boxd.it/204q
2024-08-05,Superman III,1983,https://boxd.it/1YrM
2024-08-08,Twisters,2024,https://boxd.it/qV7a
2024-08-10,Saving Bikini Bottom: The Sandy Cheeks Movie,2024,https://boxd.it/vmgQ
2024-08-10,The Fairly OddParents: Fairy Idol,2006,https://boxd.it/AkDy
2024-08-10,Jimmy Timmy Power Hour,2004,https://boxd.it/118m
2024-08-10,Jimmy Timmy Power Hour 2: When Nerds Collide,2006,https://boxd.it/118c
2024-08-10,Jimmy Timmy Power Hour 3: The Jerkinators!,2006,https://boxd.it/1182
2024-08-10,Jimmy Neutron: Operation: Rescue Jet Fusion,2003,https://boxd.it/AeGm
2024-08-14,Beverly Hills Cop II,1987,https://boxd.it/2b9G
2024-08-15,Saw III,2006,https://boxd.it/2aRC
2024-08-16,Luca,2021,https://boxd.it/ipjC
2024-08-19,Kalavaramaye Madilo,2009,https://boxd.it/1yLQ
2024-08-20,Yu-Gi-Oh! The Movie,2004,https://boxd.it/1UL4
2024-08-22,Overboard,2018,https://boxd.it/gdJk
2024-08-22,Beverly Hills Cop: Axel F,2024,https://boxd.it/8Bvq
2024-08-23,Juno,2007,https://boxd.it/210a
2024-08-24,Leave the World Behind,2023,https://boxd.it/re0i
2024-08-27,Krazzy 4,2008,https://boxd.it/1CRe
2024-08-30,The Fault in Our Stars,2014,https://boxd.it/6BQa
2024-09-06,The Irishman,2019,https://boxd.it/dYOq
2024-09-08,CODA,2021,https://boxd.it/tbf4
2024-09-10,The Conjuring,2013,https://boxd.it/4sr2
2024-09-10,Hot Tub Time Machine,2010,https://boxd.it/1zIS
2024-09-13,The Tragedy of Macbeth,2021,https://boxd.it/lMi4
2024-09-16,The First Slam Dunk,2022,https://boxd.it/tt94
2024-09-20,Bring It On,2000,https://boxd.it/28x6
2024-09-20,Breaking In,2018,https://boxd.it/hXkC
2024-09-25,Challengers,2024,https://boxd.it/zld0
2024-09-26,Argylle,2024,https://boxd.it/w1kk
2024-09-27,"Twelfth Night, or What You Will",2003,https://boxd.it/5rwM
2024-09-29,Emancipation,2022,https://boxd.it/qOa2
2024-09-29,Bend It Like Beckham,2002,https://boxd.it/2am0
2024-09-30,Hoot,2006,https://boxd.it/1HfE
2024-09-30,The Shining,1980,https://boxd.it/29Nu
2024-10-01,Mili,2022,https://boxd.it/ychA
2024-10-03,Love Lies Bleeding,2024,https://boxd.it/zN4q
2024-10-04,Wolfs,2024,https://boxd.it/x6zG
2024-10-05,The Nightmare Before Christmas,1993,https://boxd.it/1YzQ
2024-10-06,Independence Day: Resurgence,2016,https://boxd.it/JwK
2024-10-06,Sharknado 2: The Second One,2014,https://boxd.it/7hGQ
2024-10-06,Sharknado 3: Oh Hell No!,2015,https://boxd.it/aRYM
2024-10-13,Star Trek Beyond,2016,https://boxd.it/5Ik4
2024-10-20,Magnolia,1999,https://boxd.it/2aze
2024-10-20,Kiss Kiss Bang Bang,2005,https://boxd.it/23c8
2024-10-20,IF,2024,https://boxd.it/nJwG
2024-10-26,Tetris,2023,https://boxd.it/rePK
2024-11-03,Robot Dreams,2023,https://boxd.it/vBZm
2024-11-03,Duel,1971,https://boxd.it/29ui
2024-11-03,The Fall Guy,2024,https://boxd.it/s0Bm
2024-11-03,The Bling Ring,2013,https://boxd.it/3lPY
2024-11-10,Anora,2024,https://boxd.it/Egcw
2024-11-10,The Thing,1982,https://boxd.it/294O
2024-11-11,Ek Hasina Thi,2004,https://boxd.it/4mtQ
2024-11-11,Hijack,2008,https://boxd.it/1uiU
2024-11-12,Trap,2024,https://boxd.it/D4nK
2024-11-14,Glengarry Glen Ross,1992,https://boxd.it/1Yw8
2024-11-17,The Instigators,2024,https://boxd.it/E4jA
2024-11-18,The Union,2024,https://boxd.it/qkD4
2024-11-19,Hillbilly Elegy,2020,https://boxd.it/lQmY
2024-11-23,Shattered Glass,2003,https://boxd.it/1PXa
2024-11-25,Hot Frosty,2024,https://boxd.it/NeBM
2024-11-27,The Whale,2022,https://boxd.it/tw4c
2024-11-28,Everest,2015,https://boxd.it/7r7Q
2024-11-29,Wicked,2024,https://boxd.it/e8ME
2024-12-01,Last Christmas,2019,https://boxd.it/k38G
2024-12-02,Greenland,2020,https://boxd.it/j1Um
2024-12-03,The Killing of a Sacred Deer,2017,https://boxd.it/dZ5G
2024-12-09,Finch,2021,https://boxd.it/iXBq
2024-12-09,Fly Me to the Moon,2024,https://boxd.it/A7Xg
2024-12-09,Blitz,2024,https://boxd.it/xR8i
2024-12-14,Emilia Pérez,2024,https://boxd.it/AP3G
2024-12-14,The Blue Lagoon,1980,https://boxd.it/22KS
2024-12-15,American Psycho,2000,https://boxd.it/28Vs
2024-12-15,Our Little Secret,2024,https://boxd.it/KVeA
2024-12-15,Ghajini,2005,https://boxd.it/2hIM
2024-12-16,American Gangster,2007,https://boxd.it/23wi
2024-12-19,Gladiator II,2024,https://boxd.it/kqQQ
2024-12-21,Stree 2,2024,https://boxd.it/G5Cs
2024-12-21,Queen,2013,https://boxd.it/7gjQ
2024-12-21,Sui Dhaaga - Made in India,2018,https://boxd.it/hU5u
2024-12-23,The Holiday,2006,https://boxd.it/28ye
2024-12-23,Clueless,1995,https://boxd.it/1Ygk
2024-12-25,Lucky Baskhar,2024,https://boxd.it/L79s
2024-12-26,Juror #2,2024,https://boxd.it/FRwU
2024-12-28,Million Dollar Baby,2004,https://boxd.it/2bdI
2024-12-28,Irish Wish,2024,https://boxd.it/CxHM
2024-12-28,Oopiri,2016,https://boxd.it/cPiy
2024-12-30,The Birds,1963,https://boxd.it/2a6m
2024-12-30,The King of Comedy,1982,https://boxd.it/2aJS
2025-01-01,Joker: Folie à Deux,2024,https://boxd.it/xBoE
2025-01-01,U Turn,2018,https://boxd.it/jvko
2025-01-01,Carry-On,2024,https://boxd.it/C0B2
2025-01-04,Cat People,1942,https://boxd.it/1vG4
2025-01-04,Grand Illusion,1937,https://boxd.it/29Ei
2025-01-04,Kiss Me Deadly,1955,https://boxd.it/1HHe
2025-01-04,The Killer,1989,https://boxd.it/1Vha
2025-01-05,Zwigato,2022,https://boxd.it/Cl6u
2025-01-06,The Substance,2024,https://boxd.it/zanS
2025-01-07,Roald Dahl's Matilda the Musical,2022,https://boxd.it/oToE
2025-01-10,Under the Same Moon,2007,https://boxd.it/1gUA
2025-01-11,Hundreds of Beavers,2022,https://boxd.it/CyUM
2025-01-13,Thelma & Louise,1991,https://boxd.it/28Ew
2025-01-13,Murder on the Orient Express,2017,https://boxd.it/dHjA
2025-01-19,Peepli Live,2010,https://boxd.it/RGo
2025-01-19,Mystery Men,1999,https://boxd.it/1XIM
2025-01-20,A Different Man,2024,https://boxd.it/BoEC
2025-01-21,Amaran,2024,https://boxd.it/yWSs
2025-01-23,Sankranthiki Vasthunam,2025,https://boxd.it/R9Dc
2025-01-23,Gharshana,2004,https://boxd.it/6mm
2025-01-25,Grave of the Fireflies,1988,https://boxd.it/1RUM
2025-01-27,Blue Velvet,1986,https://boxd.it/29BI
2025-01-28,Rock On!!,2008,https://boxd.it/1EHK
2025-01-30,Eat Pray Love,2010,https://boxd.it/16Cc
2025-01-31,The Loft,2014,https://boxd.it/2nwM
2025-02-02,Sikandar Ka Muqaddar,2024,https://boxd.it/LHeI
2025-02-02,Saturday Night,2024,https://boxd.it/Gpfo
2025-02-09,Pearl,2022,https://boxd.it/zPbe
2025-02-09,American Sniper,2014,https://boxd.it/5LDy
2025-02-10,The Texas Chain Saw Massacre,1974,https://boxd.it/1lcS
2025-02-10,Nuvvostanante Nenoddantana,2005,https://boxd.it/2zyq
2025-02-13,King Richard,2021,https://boxd.it/mJZ2
2025-02-16,Here,2024,https://boxd.it/zscS
2025-02-17,Flow,2024,https://boxd.it/v1Ei
2025-02-20,The Ides of March,2011,https://boxd.it/1WyG
2025-02-22,Death on the Nile,2022,https://boxd.it/ifpg
2025-02-23,The Equalizer 2,2018,https://boxd.it/bAEW
2025-02-24,Unforgiven,1992,https://boxd.it/6Z4
2025-03-01,Do the Right Thing,1989,https://boxd.it/29gA
2025-03-01,Fargo,1996,https://boxd.it/2aHM
2025-03-03,Dìdi (弟弟),2024,https://boxd.it/HQOW
2025-03-03,Conclave,2024,https://boxd.it/AO8q
2025-03-06,Hot Shots!,1991,https://boxd.it/1YhC
2025-03-07,Force Majeure,2014,https://boxd.it/7UcA
2025-03-10,The Power of the Dog,2021,https://boxd.it/m99E
2025-03-10,Point Break,1991,https://boxd.it/2958
2025-03-11,Lawrence of Arabia,1962,https://boxd.it/2wRE
2025-03-12,Babygirl,2024,https://boxd.it/Fvai
2025-03-13,Mickey 17,2025,https://boxd.it/q1Dk
2025-03-15,Black Mirror: Loch Henry,2023,https://boxd.it/H7Pg
2025-03-16,Black Mirror: Beyond the Sea,2023,https://boxd.it/H7QI
2025-03-16,Heretic,2024,https://boxd.it/H1lY
2025-03-20,The Royal Tenenbaums,2001,https://boxd.it/1YHU
2025-03-20,The Accountant,2016,https://boxd.it/9EhI
2025-03-24,Children of Men,2006,https://boxd.it/1Y2i
2025-04-01,Forbidden Planet,1956,https://boxd.it/29vK
2025-04-01,Platoon,1986,https://boxd.it/29BS
2025-04-06,A Fistful of Dollars,1964,https://boxd.it/2auo
2025-04-11,Wedding Crashers,2005,https://boxd.it/1Yte
2025-04-18,The Giver,2014,https://boxd.it/6HWo
2025-04-18,The Boy and the Heron,2023,https://boxd.it/ipeM
2025-04-19,Black Mirror: Bête Noire,2025,https://boxd.it/U1VI
2025-04-21,"Crouching Tiger, Hidden Dragon",2000,https://boxd.it/2b1M
2025-04-21,Chhaava,2025,https://boxd.it/JpHe
2025-04-22,Black Mirror: Common People,2025,https://boxd.it/U1Vy
2025-04-23,Scream,1996,https://boxd.it/24EC
2025-04-25,The Poseidon Adventure,1972,https://boxd.it/2a9g
2025-04-26,Black Mirror: Hotel Reverie,2025,https://boxd.it/U1V4
2025-04-27,The Game,1997,https://boxd.it/26vC
2025-04-27,One of Them Days,2025,https://boxd.it/MReU
2025-05-02,Logan Lucky,2017,https://boxd.it/dZrs
2025-05-03,Battle Royale,2000,https://boxd.it/25zS
2025-05-06,The Walk,2015,https://boxd.it/8Rao
2025-05-07,I Know What You Did Last Summer,1997,https://boxd.it/2588
2025-05-09,Companion,2025,https://boxd.it/F04o
